ул.Б.Покровская, д.29;Обычный;0;56.320473;43.998288
ул.Ильинская д.69;Обычный;0;56.316659;44.029046
ул.Генкиной, 84;Обычный;0;56.320223;44.019677
ул.Ковалихинская, д.49г;Обычный;1.75;56.231333;43.939673
ул.Тропинина, д.47;Обычный;0;56.31552;44.068815
ул.Родионова д.163;Обычный;0;56.265722;43.91213
пр Ленина  д.79е;Обычный;7.79167;56.311901;44.075723
ул.Родионова, д.188;Обычный;5.67976;56.269486;43.923791
ул.Адмирала Нахимова, д.10а;Обычный;0;56.296034;44.049887
ул.Васюнина, д.13а;Обычный;6.0625;56.298647;44.043644
ул.Бориса Корнилова, д.7 к.1;Обычный;4.80952;56.241419;43.985065
ул.Ларина, д.8;Обычный;0;56.279972;43.943068
ул.Гончарова д8;Обычный;2.78571;56.302283;43.937184
ул.Литературная, 19;Обычный;27.0667;56.233709;43.978031
ул.Кащенко д.12;Обычный;2;56.288221;44.057038
ул. Композитора Касьянова, 6г, к.2;Обычный;0;56.246506;43.971051
пр.Гагарина, д.176а;Обычный;0;56.334991;43.93422
ул.Есенина д.32;Обычный;9.5;56.302083;43.936124
ул.Литературная, д.20а;Обычный;4.28214;56.293017;44.01523
ул.Бекетова 43;Обычный;6.75;56.292288;43.994838
ул.Пушкина, д.45г;Обычный;0;56.310138;44.077924
ул.Родионова д.190;Обычный;16.8238;56.259183;43.980474
ул.40лет Октября д.7б;Обычный;0;56.285064;43.940275
ул. Адмирала Макарова, 7а;Обычный;2.0625;56.283665;43.941353
бульвар Заречный д.5;Обычный;1.8;56.275174;43.925785
ул.Норильская д. 12;Обычный;4.4;56.28285;44.037284
ул.Рокоссовского д.10;Обычный;7;56.290859;44.043311
ул.Шишкова д.3;Обычный;0;56.320523;43.981561
ул.Заломова, д.9);Обычный;9.50714;56.30426;43.942574
ул.Июльских дней д.7;Обычный;9.6748;56.306747;43.996114
ул.Тимирязева 29;Обычный;1.20833;55.198617;43.354798
Анкудиновское ш., 13а;Обычный;0;56.256138;43.973521
ул.Горная, 3а;Обычный;3.93333;56.312764;44.611891
ул. Льва Толстого, 7А;Обычный;3;56.246636;43.968545
пр.Гагарина, д.176;Обычный;0;56.293282;44.034041
ул.Ванеева д.199;Обычный;0;56.103527;43.516243
ул.Ленина, д.214а;Обычный;0;56.306198;43.935756
ул.Октябрьской революции, д.37;Обычный;17.1417;56.370389;44.057658
ул.Кулибина, д.2;Обычный;3.28095;56.312929;43.941002
ул.Витебская, 6а;Обычный;26;56.2716;43.978426
ул.Вологдина, д.8а;Обычный;49.628;56.312764;44.611891
Мытный рынок;Обычный;19.131;56.307227;43.996869
ул.Тимирязева, д.33а;Обычный;0;56.290634;43.998081
ул.Бекетова, д.13;Обычный;0;56.249166;43.98087
ул. Кащенко, д.2;Обычный;0;56.298297;44.049573
ул.Генерала Ивлиева, д.16;Обычный;3.37143;56.318271;44.046285
ул. Донецкая, д.5;Обычный;5.97857;56.282485;43.995458
ул Нартова, д.6;Обычный;0;56.262807;44.000884
Анкудиновское шоссе, 26а;Обычный;9.08333;56.295115;44.071492
ул.Германа Лопатина, 6В;Обычный;31.581;56.320548;44.042413
ул.Радужная, д.3;Обычный;1.4875;56.307966;43.982765
ул.Красносельская, д.17;Обычный;0;56.29998;43.985172
пр.Гагарина, д.22;Обычный;0;56.323428;43.980968
ул. Заломова, 2;Обычный;0;55.369157;43.843805
ул. Светлояр.,д.24;Обычный;3.41667;56.265917;43.894128
пр. Бусыгина, д.22;Обычный;7.70952;56.314127;43.991461
пл. Горького, д.150;Обычный;0;56.308176;43.919919
ул. Климовская, 10;Обычный;6;56.244865;44.010002
пос. Черепичный, д.18;Обычный;6.67619;56.311506;44.016739
ул.Ошарская, д.74;Обычный;54.6006;56.302712;44.040338
ул. Сусловой 6, к. 2;Обычный;1.30536;56.310947;44.033466
ул.Панина, д.19;Обычный;8.16667;56.224672;43.948306
ул.40 лет Победы, д.9;Обычный;11;56.24544;43.974123
ул.Кемеровская, д.18;Обычный;8.33333;56.258693;43.998773
ул.Полярная, д.65б;Обычный;12.975;56.255853;43.977851
ул.Горная, д.20;Обычный;7.51905;56.384774;44.025354
ул.Нижегородская, д.4а;Обычный;13.5;56.313259;43.992772
пл.Горького, д.6;Обычный;2.09524;56.300979;44.082469
ул.Родионова, д.200;Обычный;72.7685;56.317063;43.918041
Московское шоссе, д.30В;Обычный;217.511;56.320158;44.009822
ул.Ошарская,д.16;Обычный;47.971;56.328409;44.016578
ул.Минина, 16а;Обычный;32.4067;56.314297;43.990185
пл.М.Горького, д.4;Обычный;19.6131;56.317088;43.947362
ул.Литвинова, 50а;Обычный;1.75;56.279382;44.050848
ул.Малиновского, д.2;Обычный;6.43046;56.279042;43.988245
пер. Корейский, д.5;Обычный;5.59008;56.784087;44.47241
ул.Школьная д.19;Обычный;28.122;56.309464;44.026118
ул. Ижорская, 37;Обычный;29.8107;56.313833;44.023153
ул. Ижорская, 34а;Обычный;47.5773;56.239503;43.863936
ул. Веденяпина, 2б;Обычный;26.8946;56.285159;44.073351
ул. Богдановича,1а;Обычный;39.235;56.099903;43.538566
ул. Добролюбова, 9;Обычный;25.5911;56.312764;44.611891
ул. Студёная, 68а;Обычный;43.3008;56.266192;43.977034
ул.Пятигорская, д.21;Обычный;34.4264;56.319444;44.027034
ул. Белинского 124;Обычный;18.6101;56.364531;43.815553
пр.Кораблестроителей, д.22б;Обычный;8.33234;56.259358;43.856974
ул. Плотникова 3а;Евро;9.42679;56.2282;43.945269
пр. Гагарина 228;Обычный;38.7565;56.333015;43.94235
ул.Есенина, д.10;Обычный;30.775;56.334218;43.936403
г.№6 Есенина 30;Обычный;39.3601;56.313613;43.891469
Московское шоссе, 122;Евро;9.16071;56.294591;44.077241
Казанское шоссе, 4а;Обычный;13.9821;56.312764;44.611891
Дзержинск, Красноармейская, 30;Обычный;11.4595;56.238377;43.461625
Дзержинск, ул. Циолковского, 49;Обычный;5.2381;56.348233;43.856336
ул. Культуры 12;Обычный;0;56.351011;43.868221
ул. Коминтерна 121;Обычный;11.4696;56.228005;43.863684
Южное шоссе, 35;Обычный;6.85;56.766632;43.250683
пл.Комсомольская, д.2;Евро;21.6958;56.312764;44.611891
Мега, Федяково пос, Мега;Евро;34.5357;56.232774;43.954594
ул. 40 лет Победы, 1Б ;Обычный;15.6756;56.312764;44.611891
Щербинки 1, д.17;Обычный;24.7381;56.229451;43.450468
ул.Терешковой, д.6;Обычный;3;56.266707;43.914484
пр.Ленина, д.72а;Обычный;2.5;56.30842;43.976333
ул. Барминская, 8а;Обычный;0;56.312764;44.611891
ул.3-я Ямская, д.7;Обычный;5.90536;56.312764;44.611891
Верхневолжскнефтепровод*;Обычный;0;56.124927;44.122183
ул.Батумская, д.1а;Обычный;21.8631;56.327456;43.935891
ул.Семашко, д.20;Обычный;0;56.293777;43.980115
пр.Гагарина, д.27;Обычный;1.25;56.332611;43.849329
ул. Баранова, 5а;Обычный;35.1046;56.283934;44.035397
ул.Ванеева, д.231;Обычный;15.9252;55.363427;43.849491
д.Суроватиха, ул.Огарева, д.5а;Обычный;4.3125;55.767185;43.899545
д.Суроватиха, ул.Совхозная д.1а;Обычный;8.08333;56.257108;43.98034
ул.Горная, д.11;Обычный;0;56.438871;43.630158
ул.Б.Покровская, д.73;Обычный;2.24524;56.316179;43.997713
ул.Звединка, д.7;Обычный;6.625;56.312764;44.611891
ул. Бонч Бруевича, д 8а;Обычный;7.33333;56.303731;44.069551
ул.Хохлова, д.1;Обычный;2;56.329727;43.9935
ул.Рождественская, д.21;Обычный;23.2173;56.287762;44.077519
Казанское шоссе, д.12/1;Обычный;24.5048;56.292263;44.009678
ул.Бекетова, д.33;Обычный;7.39851;56.640441;43.387164
ул.Карла Маркса, д.32;Обычный;0;56.363533;43.815651
пр.Кораблестроителей, д.15 А;Обычный;41;55.999284;45.251896
ул.Дубравная,  д.1а;Обычный;9.08185;56.162967;43.916442
Дружный пос, 12а;Обычный;0;57.052026;44.918603
Московское шоссе, д.189;Обычный;1.79167;55.406743;43.839556
ул.Малая Ямская, д.65/4;Обычный;42.5628;56.323228;44.005304
ул.Алексеевская, д.8а/1;Обычный;15.0448;56.311336;44.03475
ул.Б.Панина, д.21;Обычный;2.5;56.271056;43.977213
пр.Гагарина, д.110;Обычный;51.8889;56.795268;44.500374
ул.Чкалова, д.1;Обычный;33.4485;56.228976;43.878102
ул.Веденяпина, д.24;Обычный;5;56.320388;44.002321
ул.Грузинская, д.23;Обычный;0;56.325379;44.004118
ул. Большая Покровская, 2;Обычный;0;56.266257;43.879549
ул.Героя Васильева, д.1а;Обычный;0.541667;56.269046;43.888226
ул.Героя Васильева, д.46а;Обычный;0;56.261403;43.890418
ул.Мельникова, д.16а;Обычный;0.9875;56.103342;43.516279
г.Богородск, ул.Ленина, д.214;Обычный;32.1192;56.310822;43.839457
Московское шоссе, д.296а;Евро;8.72321;56.236796;43.96284
пл.Жукова, д.7;Обычный;0;55.824764;43.987831
ул.Краснозвездная, д. 4а;Обычный;6.33333;56.316549;43.994533
пр.Гагарина, д.186;Обычный;18.5268;56.329088;43.990203
ул.Рождественская, д.33;Обычный;0;55.431039;42.499763
ул.Адм.Макарова, д.3;Обычный;12;56.306103;43.995431
ул.Тимирязева, д.3,;Обычный;46.8367;54.929958;43.349605
пр.Ленина, д.45б;Обычный;8;56.337741;43.929926
ул.Есенина, д.41;Обычный;2.25;56.327271;43.958232
ул.Совнаркомовская, д.32;Обычный;1.4375;56.619958;44.103004
с.Линда, ул.Северная, столовая Птицефабрики;Обычный;1;56.344072;43.927141
ул.К.Маркса, д.7а;Обычный;40.9304;56.320373;44.043437
ул.Радужная, д.2;Обычный;19.7667;56.095087;43.538
г.Богородск, ул.Котельникова, д.68а;Обычный;32.2273;56.239758;43.962562
"пр.Гагарина, д.184, м-н ""Мяснов-Отдохни""";Обычный;11;56.274075;44.086826
д. Афонино, ул.Зеленая, д.66;Обычный;5;56.287622;44.074546
Казанское шоссе, 21;Обычный;6;56.768961;43.239068
пл.Минина, д.5;Обычный;1.25;56.314991;43.990769
ул.Маслякова, 1;Обычный;0.625;56.326178;44.019892
ул.Большая Печерская, д.16б;Обычный;0;56.296674;44.070378
ул.Верхне-Печерская, д.4а;Обычный;2.3125;56.324641;44.011475
ул.Пискунова, д.35а;Обычный;7.375;56.321591;44.031193
ул.Б.Печерская, д.63в;Обычный;1.33333;56.318765;44.001144
ул.Холодный пер., д.15а;Обычный;0;56.37991;44.03855
ул.Славянская, д.35;Обычный;1.125;56.293007;44.065275
ул.Верхне-Печерская, д.5а;Обычный;0;56.31897;44.046123
ул.Донецкая, д.3;Обычный;2.5;56.776754;44.467586
ул.Фруктовая, д.8;Обычный;0;56.321246;44.011188
ул.Варварская, д.15а;Обычный;0;56.297333;44.065114
ул.Верхне-Печерская, д.3а;Обычный;1.16667;56.303022;44.07548
ул.Родионова, д.201;Обычный;0;56.287172;44.072138
ул.Верхне-Печерская, д.10;Обычный;2.625;56.324301;43.987634
пер.Урожайный, д.4;Обычный;2;56.32195;43.993123
пер.Плотничный, д.18в;Обычный;0.604167;56.292198;44.04986
ул.Генерала Ивлиева, д.32, к.4;Обычный;0;56.370872;44.0587
ул.Кулибина, д.6;Обычный;0;56.305549;43.985523
пр.Гагарина, д.8;Обычный;0;56.313074;44.015221
ул.Ошарская, д.70;Обычный;0;56.299496;44.037984
ул.Н.Сусловой, д.5/3;Обычный;0;56.792148;44.498667
ул.Б.Корнилова, д.10;Обычный;0;56.293162;43.983538
пр.Гагарина, д.44;Обычный;0;56.281651;44.042719
ул.Малиновского, д.12;Обычный;0;56.29007;44.002932
ул.Бекетова, д.19а;Обычный;0;56.292343;44.038838
ул.Ванеева, д.104/3;Обычный;0;56.295515;44.01541
ул.Верхняя, д.8;Обычный;0;56.291494;44.009274
ул.Бекетова, д.29а;Обычный;0;56.315091;44.015374
ул.Ванеева, д.7/57;Обычный;0;56.328609;44.015032
ул.Минина, д.10а;Обычный;1.14583;56.316973;44.004567
ул.Горького, д.150в;Обычный;0;56.306767;43.993284
ул.Тимирязева, д.29а;Обычный;0;56.226599;43.949195
ул.40 лет.Победы, д.16;Обычный;0;56.487399;43.616827
ул.Окт.революции, д.45а;Обычный;11.1667;56.289126;43.938505
ул.Академика Баха, д.2;Обычный;9.79613;56.758615;43.234172
г.Чкаловск, ул.Мира, д.1;Обычный;10.4258;56.286193;44.033879
ул.Ванеева, д.211;Обычный;0;56.35338;44.077825
ул.Полевая, д.10;Обычный;6.32738;56.645638;43.475037
г.Городец, ул.Кирова, д.25;Обычный;13.275;56.291688;44.071635
ул.Касьянова, д.2;Обычный;3.67619;56.313938;43.935163
ул.Октябрьской революции, д.18;Обычный;2.76845;54.919492;43.337173
ул.Пушкина, д.20в;Обычный;14.425;55.359277;43.855752
ул.Центральная, д.9;Обычный;4.83333;56.299456;44.006148
ул.Артельная, д.12а;Обычный;7.16667;56.310138;44.077924
ул.Родионова, д.190;Обычный;0;54.933052;43.351483
пр.Ленина, д.59;Обычный;0.916667;56.156536;43.847272
ул.Животноводов, д.64а;Обычный;3.65476;56.228676;43.949869
"ул.Голованова, д.73, м-н ""Аверс""";Обычный;2.625;56.231748;43.945691
пр.Гагарина, д.113;Обычный;9.12917;56.28219;43.947156
бульвар Заречный, д.9;Обычный;2.2;56.243289;43.869146
пр.Ленина, д.98;Обычный;0;56.312764;44.611891
посёлок Окский, ул.Новожилова, д.12;Обычный;7.38393;56.167975;43.740705
Доскино, ул.Магистральная, д.52а;Обычный;5.06667;56.218326;43.400342
ул.Гоголя, д.45а;Обычный;4;56.312764;44.611891
д.Афонино, ул.Магистральная, д.2;Обычный;4.96667;56.318037;44.012832
пл.Свободы, д.3;Обычный;0;56.358996;44.049177
ул.Луначарского, д.25;Обычный;0;56.267982;43.929225
ул.Робеспьера, д.2;Обычный;4.625;56.232829;44.007199
ул.Борисова, д.64;Обычный;4.59762;56.77707;44.467352
ул.Фруктовая, д.6;Обычный;1.5;56.293102;44.067503
ул. Верхнепечёрская , д.№5;Обычный;25.1256;56.31892;44.027977
ул.Белинского, д.85;Обычный;2.13869;56.317268;44.024384
ул.Полтавская, у д.2А;Обычный;5;56.321626;44.019955
ул.Ковалихинская, д.30;Обычный;0;56.312055;44.003103
ул.Белинского, д.64;Обычный;9.03452;56.235761;43.942368
ул.Тропинина, д.13;Обычный;0;56.269111;43.930663
ул.Глеба Успенского, д.11а;Обычный;0;56.272535;43.914367
ул.Херсонская, д.14/1;Обычный;0;56.275519;43.916029
пр.Ленина, д.61а;Обычный;0;56.266032;43.914502
пр.Ленина, д.74;Обычный;0;56.264872;43.914915
пер.Райниса, д.6;Обычный;0;56.278937;43.934984
ул.Усиевича, д.21а;Обычный;0;56.276134;43.940921
ул.Перекопская, д.5а;Обычный;0;56.282305;43.941173
ул.Арктическая, д.4а;Обычный;0;56.264217;43.913217
пер.Райниса, д.9;Обычный;0;54.932446;43.351815
пр.Ленина, д.57/4;Обычный;0;56.265577;43.915275
пер.Райниса, д.3а;Обычный;0;56.276993;43.946311
ул.Диксона, д.33;Обычный;0;54.92582;43.345455
пр.Ленина, д.28/10;Обычный;0;56.291229;43.914583
ул.Самочкина, д.5а;Обычный;0;56.264682;43.909858
пр.Ленина, д.83;Обычный;0;56.276374;43.948602
ул.Каширская, д.69а;Обычный;0;56.27323;43.922766
ул.Таганская, д.9б;Обычный;0;56.280332;43.928704
ул.Космонавта Комарова, 13б;Обычный;0;56.272805;43.921275
ул.Таганская, д.9а;Обычный;0;56.270966;43.933456
ул.Композиторская, д.3;Обычный;0;54.930858;43.349345
пр.Ленина, д.50а;Обычный;0;56.279442;43.928695
ул.Героя Чугунова, д.5б;Обычный;0;56.258043;43.929486
пер.Ермака, д.2а;Обычный;0;56.28295;43.932792
ул.Сухопутная, д.4;Обычный;0;56.271461;43.933959
ул.Глеба Успенского, д.1а;Обычный;0;54.930812;43.350108
пр.Ленина, д.49а;Обычный;0;56.275744;43.932666
ул.Комарова, д.1а;Обычный;0;56.276244;43.932127
ул.Юпитерская, д.4а;Обычный;0;54.924863;43.345752
пр.Ленина, д.26в;Обычный;0;56.292553;43.938577
ул.Даргомыжского, д.1/1;Обычный;0;56.28311;43.919982
пр.Ленина, д.43/6;Обычный;0;56.292348;43.939673
ул.Даргомыжского, д.1/2;Обычный;0;56.289585;43.946033
ул.Адм.Макарова, д.2/1;Обычный;0;56.286627;43.941721
ул.Адм.Макарова, д.5/3;Обычный;0;54.921246;43.344404
пр.Ленина, д.19б;Обычный;0;56.301639;43.909606
ул.Завкомовская, д.1;Обычный;0;56.267147;43.930402
ул.Паскаля, д.4;Обычный;0;56.240833;43.969039
микрорайон Щербинки-1, д.2а;Обычный;0;56.260338;43.976333
ул.Пятигорская, д.2а;Обычный;0;56.238547;43.968329
микрорайон Щербинки-1, д.9а;Обычный;0;56.245555;43.975525
ул.Петровского, д.21а;Обычный;0;56.229747;43.948135
ул.Маршала  Жукова, д.27;Обычный;0;56.230527;43.950147
ул.Маршала Жукова, д.23;Обычный;0;56.231513;43.958969
ул.Маршала Голованова, д.51;Обычный;0;56.27332;43.978866
ул.Вологдина, д.3а;Обычный;0;56.267002;43.984256
ул.Батумская, д.9в;Обычный;0;56.240223;43.966658
 микрорайон  Щербинки-1, д.31;Обычный;0;56.261708;43.976585
ул.Пятигорская, д.6;Обычный;0;56.232994;43.953678
ул.Жукова, д.15;Обычный;0;56.261228;43.984112
ул.40 лет Октября, д.18а;Обычный;0;56.270906;43.984615
ул.Луганская, д.8;Обычный;0;56.255387;43.974725
ул.Горная, д.10а;Обычный;0;56.280192;43.988604
ул.Крылова, д.4а;Обычный;0;56.276214;43.980959
ул.Терешковой, д.3а;Обычный;0;56.276698;43.982388
ул.Сурикова, д.8а;Обычный;0;56.259453;43.975677
ул.Невская, д.27;Обычный;0;56.24479;44.010972
пос.Черепичный, д.19;Обычный;0;56.267047;43.979729
ул.Батумская, д.6а;Обычный;0;56.232519;43.959175
ул.Голованова, д.43;Обычный;0;56.142345;44.192441
ул.40 лет Октября, д.21а;Обычный;0;56.235055;43.946168
ул.Тропинина, д.5;Обычный;0;56.235425;43.957513
ул.Маршала Жукова, д.7;Обычный;0;56.23439;43.960065
ул.Голованова, д.41а;Обычный;0;56.264892;44.014143
ул.Цветочная, д.4;Обычный;0;56.263922;43.997291
Анкудиновское шоссе, д.11а;Обычный;0;56.35338;44.077825
Полевая, д.10;Обычный;0;56.258348;43.975363
ул.Невская, д.25;Обычный;0;56.263747;44.000857
Анкудиновское шоссе, д.24;Обычный;0;56.265302;43.99694
Анкудиновское шоссе, д.9;Обычный;0;56.284504;43.933349
ул.Сухопутная, д.2;Обычный;0;56.345698;43.928399
ул.Акимова, д.44а;Обычный;0;56.332401;43.943158
ул.Есенина, д.9;Обычный;0;56.323513;43.933672
ул.Московское шоссе, д.35а;Обычный;0;56.330849;43.957783
ул.Ярморочный проезд, д.5а;Обычный;0;56.344007;43.936789
ул.Пролетарская, д.5а;Обычный;0;56.333973;43.942808
ул.Есенина, д.9а;Обычный;0;56.344017;43.940068
ул.Карла Маркса, д.28;Обычный;0;56.33556;43.937418
ул.Есенина, д.15;Обычный;0;56.332297;43.941523
ул.Есенина, д.8а;Обычный;0;56.334038;43.933942
ул.Акимова, д.7;Обычный;0;56.333749;43.935424
ул.Акимова, д.6;Обычный;0;56.318975;43.922856
Московское шоссе, д.79;Обычный;0;56.302617;43.978453
пр.Гагарина, д.17а;Обычный;0;56.336598;43.938289
Мещерский бульвар, д.5/3;Обычный;10.7137;54.93165;43.351213
пр.Ленина, д.53;Обычный;16.025;56.291374;43.949033
ул.Даргомыжского, д.19, кор.1;Обычный;18.0411;56.262018;43.883456
ул.Дьяконова, д.24;Обычный;0;56.268351;43.882243
ул.Львовская, д.4;Обычный;13.4792;56.268326;43.925947
ул.Глеба Успенского, д.16а;Обычный;9.86071;56.370713;44.057604
ул.Кулибина, д.3;Обычный;14.8298;56.339587;44.124986
ул.6-й микрорайон, д.13а;Обычный;5.05536;56.311826;43.940544
ул.Витебская, д.46;Обычный;13.4881;56.379601;43.794074
ул.Планетная, д.36а;Обычный;8.70238;56.250612;43.84526
пр.Кирова, д.20;Обычный;9.0256;56.758363;43.231782
г.Чкаловск, Квартал Лесной, д.1;Обычный;12.1262;56.144742;44.195369
г.Кстово, ул.40 лет Октября, д.13;Обычный;6.29524;56.157609;44.215177
г.Кстово, пр.Победы, д.13;Обычный;12.4512;56.335261;44.107128
г.Бор, ул.Маяковского, участок 2ж;Обычный;0;56.294471;44.074456
ул.Лопатина, д.1;Обычный;23.044;56.324326;43.939655
ул.Тонкинская, д.3;Обычный;21.2827;56.266747;43.875147
ул.Львовская, д.7;Обычный;7.98274;56.336478;43.839277
ул.Мечникова, д.39;Обычный;6.94345;56.318626;44.052142
ул.Родионова, д.15а;Обычный;12.4262;56.315056;43.870943
Московское шоссе, д.213а;Обычный;7.80893;56.275139;43.939556
ул.Перекопская, д.8;Обычный;17.5649;56.283989;44.043249
ул.Маршала Рокоссовского, д.15;Обычный;17.9327;56.235651;43.863765
ул.Лескова, д.9;Обычный;8.37976;56.294111;44.044605
ул.Богородского, д.7/3;Обычный;21.9929;56.243009;43.864996
проспект Октября, д.2а;Обычный;13.4976;56.27405;43.918544
проспект Ленина, д.61;Обычный;9.55952;56.289121;43.939799
ул.Академика Баха, д.2а;Обычный;12.994;56.336304;43.87238
ул.Березовская, д.110;Обычный;10.5429;56.248871;43.84632
бульвар Коноваленко, д.4;Обычный;10.9345;56.234875;43.956426
ул.Академика Лебедева, д.1;Обычный;6.41429;56.274854;43.947273
ул.Каширская, д.71;Обычный;11.2923;56.285358;44.069318
ул.Верхнепечерская, д.14б;Обычный;8.65179;56.226394;43.854072
ул.Тюленина, д.4;Обычный;8.81667;56.517266;43.558131
г.Балахна, ул.Коммунистическая, д.18;Обычный;5.01429;56.645366;43.471974
г.Городец, ул.Колхозная, д.1;Обычный;6.42321;56.503195;43.603227
г.Балахна, ул.Дзержинского, д.50;Обычный;4.54107;56.520226;43.549966
г.Балахна, ул.Коммунистическая, д.1/2;Обычный;0;56.639585;43.39462
г.Заволжье, ул. Мичурина, д. 26;Обычный;3.85119;56.67275;43.458409
г.Городец, ул.З.Серого, д.12;Обычный;0;56.663753;43.469072
г.Городец, ул.Республиканская,  71а;Обычный;8.8381;56.783017;44.466086
ул.Школьная, д.51;Обычный;7.59167;56.142987;44.187895
г.Кстово, 2-й микрорайон, д.25;Обычный;3.86845;56.156024;44.211764
г.Кстово, пр.Капитана Рачкова, д.13;Обычный;0;56.358347;44.054091
г.Бор, ул.Ленина, д.130;Обычный;4.11905;56.335715;44.108583
г.Бор, ул.Максимова, д.7;Обычный;0;56.10535;43.518363
г.Богородск, ул. Ленина, 205а;Обычный;5.80833;56.098582;43.47466
г.Богородск, ул.Туркова, д.10;Обычный;7.63036;56.033274;43.886133
ул.Ключевая, д.66а;Обычный;2;55.380319;43.825578
ул.Пушкина, д.22;Обычный;6.12202;56.367413;44.110919
ул.Радужная, д.9;Обычный;1.71726;56.319295;44.021087
ул.М.Горького, д.218/22;Обычный;20.4996;56.330944;43.871922
ул.Березовская, д.103;Обычный;33.0521;56.323503;43.945314
Московское шоссе, д.9;Обычный;8;56.281716;43.982504
ул.Медицинская, д.1а;Обычный;3.18333;56.338305;43.954809
ул. Бетанкура, 1;Евро;17.069;56.324157;44.001351
ул.Б.Покровская, д.13;Обычный;0;56.296359;44.066668
ул.Лопатина, д.6;Обычный;17.3726;56.215273;43.53579
ул.Дачная, д.1б;Обычный;2.625;56.289126;43.938505
ул.Баха, д.2;Обычный;1.83036;56.285198;43.893275
ул.Аксакова, д.32а;Обычный;2.25;56.293587;43.892835
ул.Ижевская, д.76;Обычный;6.5625;56.345449;44.104837
ул.Тургенева, д.30;Обычный;0;56.300515;44.077708
ул.Родионова, д.199, к.1;Обычный;0;56.320428;44.018581
ул.Ковалихинская, д.49а;Обычный;0;56.32762;44.011511
ул.Минина, д.3в;Обычный;0;56.315535;43.982424
ул.М.Ямская, д.9а;Обычный;0;55.376565;43.820547
ул.Володарского, д.63;Обычный;0;56.324132;44.018033
ул.Ульянова, д.35;Обычный;0;56.314926;43.989179
ул.Маслякова, д.8;Обычный;0;56.297503;44.074699
Казанское шоссе, д.3б;Обычный;0;56.325285;43.990652
пер.Крутой, д.11;Обычный;0;56.317677;44.047237
ул.Донецкая, д.4а;Обычный;0;56.291993;44.066183
ул.Касьянова, д.6а;Обычный;0;56.308695;43.98369
ул.Ильинская, д.168;Обычный;0;56.323632;44.017934
ул.Семашко, д.17а;Обычный;0;56.312889;43.978255
ул.Б.Перекресная, д.9;Обычный;0;56.320922;43.997174
ул.Грузинская, д.12а;Обычный;0;56.311147;43.992664
ул.Костина, д.8а;Обычный;0;56.31599;43.998962
ул.Звездинка, д.7а;Обычный;0;56.218707;43.406559
ул.Гоголя, д.16а;Обычный;0;56.313588;43.987382
ул.Ильинская, д.118а;Обычный;0;56.218832;43.54993
ул.Горького, д.100г;Обычный;0;56.319529;44.018976
пер.Короткий, д.9а;Обычный;0;56.321087;44.01505
ул.Ковалихинская, д.35а;Обычный;0;56.317647;44.050723
ул.Фруктовая, д.9а;Обычный;0;56.776236;44.467352
ул.Фруктовая, д.11;Обычный;0;56.297928;44.070944
ул.Бринского, д.2/4;Обычный;0;56.319335;43.983645
ул.Заломова, д.11а;Обычный;0;56.294156;44.063101
ул.Лопатина, д.7а;Обычный;0;56.294291;44.069488
ул.Лопатина, д.3/1;Обычный;0;56.096187;43.515794
ул.Усилова, д.8а;Обычный;0;56.168476;44.084625
поселок Зеленый Город, ул. Агродом, 9;Обычный;0;56.325669;43.992664
ул.Ильинская, д.22;Обычный;0;56.315141;43.989951
ул.Маслякова, 3а;Обычный;0;56.311706;44.005636
ул.Белинского, д.35а;Обычный;0;56.292643;43.999662
ул.Шорина, д.18б;Обычный;0;56.312415;44.037904
пер.Звенигородский, д.8а;Обычный;0;56.310817;44.028265
ул.Внутриквартальная, д.4;Обычный;0;56.299566;44.041084
ул.Н.Сусловой, д.9/3;Обычный;0;56.292048;44.046177
ул.Шишкова, д.7, к.5;Обычный;0;56.28992;43.992637
ул.Бекетова, д.7б;Обычный;0;56.28992;43.993401
ул.Бекетова, д.7а;Обычный;0;56.281486;44.045746
ул.Малиновского, д.8;Обычный;0;56.296109;43.984148
пр.Гагарина, д.36;Обычный;0;56.299975;44.006561
ул.Артельная, д.10а;Обычный;0;56.314707;44.014368
ул.Белинского, д.55б;Обычный;0;56.294021;44.009382
ул.Сибирцева, д.9а;Обычный;0;56.293067;44.001926
ул.Заярская, д.9;Обычный;0;56.293911;44.052061
ул.Богородского, д.15а;Обычный;0;56.304196;43.98873
ул.Пушкина, д.13/6;Обычный;0;56.311781;44.018635
ул.Ванеева, 19а;Обычный;0;56.291673;44.01179
ул.Бекетова, д.35в;Обычный;0;56.293712;44.005187
ул.Сестер Рукавишниковых, д.15;Обычный;0;56.294271;44.011511
ул.Сибирцева, д.5а;Обычный;0;56.292772;44.018626
ул.Бекетова, д.49б;Обычный;0;56.296649;44.017602
пер.Кустовой, д.7а;Обычный;0;56.301783;44.043949
ул.Н.Сусловой, д.15/2;Обычный;0;56.287342;44.052591
ул.Ивлиева, д.35;Обычный;0;56.299296;44.035802
ул.Н.Сусловой, д.3/3;Обычный;0;56.792015;44.498757
ул.Корнилова, д.12;Обычный;0;56.281586;44.039565
ул.Ванеева, д.120;Обычный;0;56.284534;44.048486
бульвар 60 лет Октября, д.10;Обычный;0;56.311456;44.01037
ул.Генкиной, д.20а;Обычный;0;56.304945;43.985334
пр.Гагарина, д.10;Обычный;0;56.291229;44.006732
ул.Бекетова, д.25а;Обычный;0;56.313074;44.015221
ул.Ошарская, д.70;Обычный;0;56.286692;44.046977
ул.Штеменко, д.8;Обычный;0;56.313034;43.942889
ул.Вольская, д.1;Обычный;0;56.28985;43.851584
ул.Движенцев, д.9а;Обычный;0;56.317093;43.940068
ул.Чкалова, д.11в;Обычный;0;56.30058;43.937041
ул.Литературная, д.26а;Обычный;0;56.311446;43.936277
ул.Октябрьской революции, д.25;Обычный;0;56.287317;43.850021
ул.Гороховецкая, д.4а;Обычный;0;56.312265;43.862804
Московское шоссе, д.250а;Обычный;0;56.291743;43.8487
ул.Подворная, д.16а;Обычный;0;56.311736;43.92662
ул.Зеленодольская, д.50;Обычный;0;56.294121;43.867835
ул.Путейская, д.45а;Обычный;0;56.312824;43.884723
ул.Тихорецкая, д.3;Обычный;0;56.310113;43.811402
ул.Тепличная, д.6а;Обычный;0;56.312779;43.86178
ул.Московское шоссе, д.262;Обычный;0;56.290459;43.859193
ул.Гороховецкая, д.24а;Обычный;0;56.302148;43.880896
ул.Электровозная, д.8а;Обычный;0;56.314542;43.942206
ул.Григорьева, д.1;Обычный;0;56.308885;43.88784
ул.Авангардная, д.14а;Обычный;0;56.332057;43.955636
ул.Мануфактурная, д.15;Обычный;0;56.331164;43.929145
ул.Гордеевская, 54а;Обычный;0;54.928629;43.301492
ул.Менделеева, д.15а;Обычный;3;56.282026;44.084167
Афонино, ул,Академическая, д.5;Обычный;1.96696;56.295445;43.909453
ул.Порт-Артурская,д.1;Обычный;0;56.254157;43.968679
проспект Гагарина,д.37;Обычный;0;56.256863;43.972183
проспект Гагарина, д.162а;Обычный;15.8769;56.266747;43.875147
ул.Львовская, д.7;Обычный;12.5833;56.233029;43.836277
ул. Маковского 17а;Обычный;16;56.257648;43.849796
ул.Советской армии, д.15в;Обычный;3.75;56.296434;43.941362
пл.Комсомольская, д.6;Обычный;15.1917;56.251522;43.851225
ул.Краснодонцев, д.13;Обычный;4.53036;56.259763;43.847676
ул.Строкина, д.16;Обычный;3.25;56.296189;44.038119
Советская пл., 3;Обычный;77.994;56.297333;44.065114
ул.Верхне-Печерская, д.3а;Обычный;0;56.323318;44.0261
ул.Б.Печерская, 37а;Обычный;0;56.21764;43.546067
ул.Горького, д.80/1;Обычный;-1.11759e-008;56.09691;43.522477
ул.Красноармейская, у д.4;Обычный;5.45;56.258483;43.998935
ул.Полярная, д.65а;Обычный;3;56.292343;44.038838
ул.Ванеева, д.104/3;Обычный;0;56.339387;43.949761
ул.К.Маркса, д.48а;Обычный;0;55.4582;45.669298
д.Вязовка;Обычный;3.41667;56.325414;44.026225
ул.Минина, д.27;Обычный;9.60417;56.785882;44.466095
ул.Заводская, д.17;Обычный;11.3125;56.305983;44.038362
ул.Рыбинская, д.32;Обычный;0;57.672895;46.645875
ул.Садовая, д.5;Обычный;3.20238;56.146277;44.178077
г.Кстово, ул.Зеленая, д.24;Обычный;5;56.093556;43.504017
ул.Новая, у д.72;Обычный;4.97917;56.325734;44.010469
ул.Ульянова, д.7;Обычный;18.2982;56.316659;44.001037
ул.Звездинка, д.11;Обычный;0;56.302857;44.013335
ул.Салганская, д.34;Обычный;0;56.221705;43.437461
ул.Совхозная, д.13;Обычный;8.90476;56.293587;44.032972
ул.Кузнечихинская, д.100а;Обычный;0;56.470303;44.046033
ул.Новостройка, д.9;Обычный;3;56.382442;44.042961
ул.Б.Покровская, д.25;Обычный;3.23413;56.101298;43.501151
г.Богородск, ул.Ленина, д.101;Обычный;7.39226;56.266182;43.977833
ул.Пятигорская, д.18в;Обычный;0;55.662247;43.604386
ул.Октябрьская, д.18;Обычный;16.3333;56.193176;43.905905
ул.Центральная, д.107а;Обычный;11.7738;55.361661;43.852464
ул.Центральная, д.31а;Обычный;2.77976;55.361139;43.854252
ул.Центральная, д.24а;Обычный;4.75;56.391461;44.046743
ул.Керченская, д.18;Обычный;0;56.305774;44.070153
ул.Деловая, д.13;Обычный;0;56.318216;44.003004
ул.Алексеевская, д.26;Обычный;0;55.377301;43.819442
ул.Володарского, д.40;Обычный;0;56.777114;44.46666
ул.Фруктовая,  д.3;Обычный;26.1488;56.28226;44.048962
ул.Рокосовского, д.2;Обычный;33.6964;56.232088;43.86037
ул.Прыгунова, д.14;Обычный;8.32143;56.294806;44.03149
ул.Бекетова, д.73а;Обычный;21.1464;56.308925;44.017224
ул.Ошарская, д.67;Обычный;15.3631;56.311012;43.991658
ул.Костина, д.6;Обычный;0;56.283994;43.929495
ул.Космонавта Комарова, д.18;Обычный;7.11012;56.323797;43.937113
ул.Тонкинская, д.2а;Обычный;0;56.327271;43.958232
ул.Совнаркомовская, д.32;Обычный;10.2387;56.31213;43.985667
ул.Ильинская, д.132/26;Обычный;56.5898;56.023756;43.620645
ул.Совнаркомовская, д.26;Обычный;4;56.317597;44.031759
ул.Генкиной, д.102;Обычный;15.2865;56.347973;44.187922
ул.Луговая, д.1а;Обычный;5.14375;56.277518;43.979558
пр.Гагарина, д.84;Обычный;7.66667;55.43106;42.508746
ул.Адмирала Макарова, д.6;Обычный;4;56.293102;44.067503
ул.В.Печерская, д.№5;Обычный;33.3667;56.300994;44.027205
ул.Агрономическая, д.132/35;Обычный;7.53333;56.309848;44.029989
ул.Б.Панина, д.№9;Обычный;1.25;56.28278;43.981525
пр.Гагарина, д.66;Обычный;8.55119;55.431264;42.514648
ул.Адмирала Макарова, д.14;Обычный;28.2625;56.24481;44.002717
пр.Гагарина, д.3;Обычный;6.52976;56.293017;44.01523
ул.Бекетова, д.43;Обычный;9.79762;56.341263;44.104235
ул.Чугунова, д.13б;Обычный;7.29762;56.289755;43.934822
ул.Комсомольская площадь, д.6;Обычный;25.5;56.260793;43.984041
ул.40 лет Октября, д.18;Обычный;11.0833;56.316239;43.947578
ул.Литвинова, д.74б;Обычный;2.47917;56.291109;43.942907
ул.Даргомыжского, д.13а;Обычный;5;56.289295;43.995889
ул.Нартова, д.2;Обычный;2.6756;56.331962;43.960729
ул.Должанская, д.2в;Обычный;0.875;56.34942;43.867529
ул.Коминтерна, д.166;Обычный;17.7599;56.2903;44.072992
Казанское шоссе, д.11;Обычный;85.0833;55.359993;43.854953
ул.Центральная, д.15;Обычный;22.4;56.308925;44.017224
ул.Ошарская, д.67,;Обычный;0;56.229697;43.937957
ул.Тропинина, д.51;Обычный;0.916667;56.783978;44.471448
ул.Школьная, д.25;Обычный;7.40476;56.784033;44.474646
ул.Школьная, д.8;Обычный;4.40119;56.292678;44.040239
ул.Богородского ,д.5/5;Обычный;1.7;55.362132;43.852213
ул.Июльских дней, д.10, корп.1;Обычный;0;56.271865;43.97742
пр.Гагарина, д.108;Обычный;4;56.29592;44.033116
ул.Кузнечихинская, д.№80а;Обычный;0;56.336912;43.928013
ул.Акимова, д.19;Обычный;0;56.317942;43.925443
 Московское шоссе, д.12;Евро;11.5155;56.236431;43.841658
ул.Янки Купала, д.30а;Обычный;24.7808;56.278453;43.980079
пр.Гагарина, д.№82;Обычный;4.2381;56.356517;44.064575
г.Бор, р.п.Неклюдово, д.1, к.2;Обычный;8.79315;56.793548;44.494975
г.Семенов, ул.Краюшкина, д.2/1;Обычный;35.3931;56.305509;43.910253
ул.Прокатная, д.22;Обычный;2.5;56.316369;43.98714
ул. Ильинская, д.81;Обычный;24.1232;56.321626;44.019955
ул. Ковалихинская, д.30;Обычный;7.03284;56.292583;44.016739
ул.Чукотская, д.8;Обычный;0;54.929958;43.349605
пр.Ленина, д.45а;Обычный;33.6815;56.264607;44.091596
ул.Магистральная, д.308;Обычный;3;56.151642;44.188273
ул.Военных комиссаров, д.1;Обычный;8.38393;57.674093;46.644159
ул.Ленина, д.4;Обычный;7.4881;56.28343;44.047839
ул.Рокоссовского, д.9;Обычный;10.0357;56.102066;43.513611
ул.Родионова, д.187 В;Евро;31.6667;56.306448;44.076675
