Название магазина;Адрес;Тип;Запрошенное количество;
Хоровой * колледж, ул.Б.Покровская, д.29;ул.Б.Покровская, д.29;Обычный;0;
УПР 1*столовая, ул.Ильинская д.69;ул.Ильинская д.69;Обычный;0;
186 ШКОЛА*, столов.ул.Генкиной, 84;ул.Генкиной, 84;Обычный;0;
НГФ*ул.Ковалихинская, д.49г;ул.Ковалихинская, д.49г;Обычный;1.75;
"НИИИС*им.Ю.Е.Седакова"", ул.Тропинина, д.47";ул.Тропинина, д.47;Обычный;0;
"Автоволга*кафе ""АБС"", ул.Родионова д.163";ул.Родионова д.163;Обычный;0;
Ахмедов*ХИЛТОН *ст.м.Пролетарская, около д.79;пр Ленина  д.79е;Обычный;7.79167;
"Бектемиров*ул.Родионова, д.188, м-н ""Продукты""";ул.Родионова, д.188;Обычный;5.67976;
Анис* ул.Адмирала Нахимова, д.10а;ул.Адмирала Нахимова, д.10а;Обычный;0;
"Возрождение * ул.Васюнина, д.13, м-н ""Альф""";ул.Васюнина, д.13а;Обычный;6.0625;
Времена* ул.Б.Корнилова, д.7 к.1;ул.Бориса Корнилова, д.7 к.1;Обычный;4.80952;
Ирина* ул.Ларина, д.8;ул.Ларина, д.8;Обычный;0;
"Гаджиев *""Продукты""ул.Гончарова д8";ул.Гончарова д8;Обычный;2.78571;
"Грешнихина* ""Продукты"", ул.Литературная, 19";ул.Литературная, 19;Обычный;27.0667;
Гурьяничева * ул.Кащенко д.12;ул.Кащенко д.12;Обычный;2;
Короткова *Народный рынок, контейнер 749;ул. Композитора Касьянова, 6г, к.2;Обычный;0;
Лада *Столовая, пр.Гагарина, д.176а;пр.Гагарина, д.176а;Обычный;0;
"Моталина * м/м"" Городецкое молоко""ул.Есенина д.32";ул.Есенина д.32;Обычный;9.5;
"Майер *маг."" Продукты"", ул.Литературная, д.20а";ул.Литературная, д.20а;Обычный;4.28214;
"Мутафян *м.м.""Продукты"" ул.Бекетова 43";ул.Бекетова 43;Обычный;6.75;
"НАВСиТ *маг. ""Продукты"", ул.Пушкина, д.45г";ул.Пушкина, д.45г;Обычный;0;
"Резвова *Светлячок""ул.Родионова д.190(больн.Семаш";ул.Родионова д.190;Обычный;16.8238;
"Тамазян *маг. ""Продукты""ул.40лет Октября д.7б";ул.40лет Октября д.7б;Обычный;0;
"Тюлькин *м.маркет ""Весна"" бульвар Заречный";ул. Адмирала Макарова, 7а;Обычный;2.0625;
"Тюлькин *маг. ""Заречный""бульвар Заречный д.5";бульвар Заречный д.5;Обычный;1.8;
"Юнышев *маг. ""Любаша""ул.Норильская д""12";ул.Норильская д. 12;Обычный;4.4;
"КузинА *Продукты""ул.Рокоссовского д.10";ул.Рокоссовского д.10;Обычный;7;
ПроШиш *Минимаркет ул.Шишкова д.3;ул.Шишкова д.3;Обычный;0;
"Авос*(Торговый дом ""Авоська/ул.Заломова, д.9)";ул.Заломова, д.9);Обычный;9.50714;
Флора *маг.  ул.Июльских дней д.7;ул.Июльских дней д.7;Обычный;9.6748;
Строитель *Санаторий-проф. ННГАСУ,ул.Тимирязева 29;ул.Тимирязева 29;Обычный;1.20833;
Шаирян *Магазин, Мыза;Шаирян *Магазин, Мыза;Обычный;9.1;?????
"Анкудин *М/м ""Евро-Март"", Анкудиновское шоссе";Анкудиновское ш., 13а;Обычный;0;
"Горная *ТП ""Евро Март"", ул.Горная, у д.№1";ул.Горная, 3а;Обычный;3.93333;
"Ленина *ТП ""Евро Март"", ост.ГК Центральный";"Ленина *ТП ""Евро Март"", ост.ГК Центральный";Обычный;1;?????
"Толстого *ТП ""Евро Март"", ул.Л.Толстого,около д.№7";ул. Льва Толстого, 7А;Обычный;3;
Кварц *Комбинат питания, пр.Гагарина, д.176;пр.Гагарина, д.176;Обычный;0;
Кадров.* ул.Ванеева д.199;ул.Ванеева д.199;Обычный;0;
"Акар* ул.Ленина, д.214а, м-м ""Каравай""";ул.Ленина, д.214а;Обычный;0;
СМАК*, ул.Октябрьской революции, д.37;ул.Октябрьской революции, д.37;Обычный;17.1417;
Богатырев*, ул.Кулибина, д.2;ул.Кулибина, д.2;Обычный;3.28095;
"Борисова*""Верба"", ул.Витебская, у д.№6";ул.Витебская, 6а;Обычный;26;
"Вагин*""На Караваихе"", ул.Вологдина, у д.8";ул.Вологдина, д.8а;Обычный;49.628;
Гуцан*, Мытный рынок, киоск;Мытный рынок;Обычный;19.131;
Гуцан*, ул.Тимирязева, д.33а;ул.Тимирязева, д.33а;Обычный;0;
"Данченкова*""Афина"", ул.Бекетова, д.13";ул.Бекетова, д.13;Обычный;0;
Бегоутова*ул. Кащенко, д.2;ул. Кащенко, д.2;Обычный;0;
Лебедев*, ул.Генерала Ивлиева, д.16;ул.Генерала Ивлиева, д.16;Обычный;3.37143;
"Мамонова*""Веста"", уд.Донецкая, д.5";ул. Донецкая, д.5;Обычный;5.97857;
"Родионова*Столовая ""Орбита"", ул Нартова, д.6";ул Нартова, д.6;Обычный;0;
"Сергеев*""Карбышевский"", Анкудиновское шоссе, 26а";Анкудиновское шоссе, 26а;Обычный;9.08333;
Троицкая*, ул.Лопатина, рынок;ул.Германа Лопатина, 6В;Обычный;31.581;
"Троицкая*""Колобок"", ул.Радужная, д.3";ул.Радужная, д.3;Обычный;1.4875;
Яканина*столовая, ул.Красносельская, д.17;ул.Красносельская, д.17;Обычный;0;
Гидромаш*Столовая, пр.Гагарина, д.22;пр.Гагарина, д.22;Обычный;0;
"Гостин* комплекс ""Нижегородский""ул. Заломова, 2";ул. Заломова, 2;Обычный;0;
"Анжелика* Светлояр.""Апельсин"" №1ул. Светлояр.,д.24";ул. Светлояр.,д.24;Обычный;3.41667;
"Анжелика* ""Апельсин"" №3, пр. Бусыгина, д.22";пр. Бусыгина, д.22;Обычный;7.70952;
Визит*Кафе, пл. Горького, д.150;пл. Горького, д.150;Обычный;0;
"Гефест* Климовский""";ул. Климовская, 10;Обычный;6;
"ЕленНа* Продукты"", пос. Черепичный, д.18";пос. Черепичный, д.18;Обычный;6.67619;
"Горяч.*Фирмен.маг.Горяч.хлеб"", ул.Ошарская, д.74";ул.Ошарская, д.74;Обычный;54.6006;
"Малыш* Маг.""Прод.ул. Сусловой 6/2";ул. Сусловой 6, к. 2;Обычный;1.30536;
"Околица*""Арго"", ул.Панина, д.19";ул.Панина, д.19;Обычный;8.16667;
"Партнеры* ""Игуана"", ул.40 лет Победы, д.9";ул.40 лет Победы, д.9;Обычный;11;
"ПартКемер*Продукты"", ул.Кемеровская, д.18";ул.Кемеровская, д.18;Обычный;8.33333;
"ПартПоляр*""Продукты"", ул.Полярная, д.65б";ул.Полярная, д.65б;Обычный;12.975;
ПартГорн*Минимаркет, ул.Горная, д.20;ул.Горная, д.20;Обычный;7.51905;
"Нижегород.*М-м. ""Продукты"" ул.Нижегородская, д.4а";ул.Нижегородская, д.4а;Обычный;13.5;
Барс* SPAR №150, пл.Горького, д.6;пл.Горького, д.6;Обычный;2.09524;
Лента* ТК-51 ООО Лента, ул.Родионова, д.200;ул.Родионова, д.200;Обычный;72.7685;
Лента*ТК-54 ООО Лента, Московское шоссе, д.30В;Московское шоссе, д.30В;Обычный;217.511;
Мерканто* SPAR  №140, ул.Ошарская,д.16;ул.Ошарская,д.16;Обычный;47.971;
Мерканто* SPAR №142, ул.Минина, 16а;ул.Минина, 16а;Обычный;32.4067;
Мерканто* SPAR №154, пл.М.Горького, д.4;пл.М.Горького, д.4;Обычный;19.6131;
"Юнит* Магазин ""Продукты"", ул.Литвинова, 50а";ул.Литвинова, 50а;Обычный;1.75;
"Рай*Цен"", ул.Малиновского, д.2";ул.Малиновского, д.2;Обычный;6.43046;
"Перов* Сахарный дол"", пер. Корейский, д.5";пер. Корейский, д.5;Обычный;5.59008;
Колос Ж* Магазин №8 ,пос. Ждановский, ул.Школьная д.19;ул.Школьная д.19;Обычный;28.122;
Продукт-Сервис*№6 КПП 526201001Ижорская37;ул. Ижорская, 37;Обычный;29.8107;
Продукт-Сервис*№7 КПП 526201001Ижорская34а;ул. Ижорская, 34а;Обычный;47.5773;
Продукт-Сервис*№20 КПП 526201001Веденяпина, 2б;ул. Веденяпина, 2б;Обычный;26.8946;
Продукт-Сервис*№22 КПП 526201001Богдановича,1а;ул. Богдановича,1а;Обычный;39.235;
Продукт-Сервис*№21 КПП 526201001Добролюбова, 9;ул. Добролюбова, 9;Обычный;25.5911;
Продукт-Сервис*№10 Супермаркет №10 А(Гагаринский);Продукт-Сервис*№10 Супермаркет №10 А(Гагаринский);Обычный;22.1429;пр Гагарина 105 ???
Продукт-Сервис*№26 КПП 526201001SPAR/Студеная;ул. Студёная, 68а;Обычный;43.3008;
Продукт-Сервис*№11 КПП (ул.Пятигорская, д.21);ул.Пятигорская, д.21;Обычный;34.4264;
Продукт-Сервис*№29 КПП (Белинского 124);ул. Белинского 124;Обычный;18.6101;
Продукт-Сервис*№30(пр.Кораблестроителей, д.22б);пр.Кораблестроителей, д.22б;Обычный;8.33234;
"Карусель*ООО""Сладкая жизнь НН""Маг.№15 Плотникова 3а";ул. Плотникова 3а;Евро;9.42679;
"Перек*ООО""Сладкая жизнь НН""Маг. №7 Гагарина 228";пр. Гагарина 228;Обычный;38.7565;
183 Пятерочка*ул.Есенина, д.10, Черкизовский;ул.Есенина, д.10;Обычный;30.775;
"Перек*ООО""Сладкая жизнь НН""Маг.№6 Есенина 30";г.№6 Есенина 30;Обычный;39.3601;
"Карусель*ООО""Сладкая жизнь НН""Маг. №18 Московское ш.122";Московское шоссе, 122;Евро;9.16071;
"Перек*ООО ""Сладкая жизнь НН""Маг.№5 Казанское ш. 4а";Казанское шоссе, 4а;Обычный;13.9821;
"Перек*ООО""Сладкая жизнь НН""Маг.№12";г.№12;Обычный;9.22202;??????
1 Пятерочка*, Дзержинск, Красноармейская, 30, Маг.№1;Дзержинск, Красноармейская, 30;Обычный;11.4595;
"Перек* ООО""Сладкая жизнь НН""Маг.№2 г.Дзер.ул.Циолковского 49";Дзержинск, ул. Циолковского, 49;Обычный;5.2381;
"Перек*ООО""Сладкая жизнь НН""Маг.№4 Культуры 12";ул. Культуры 12;Обычный;0;
"Перек*ООО""Сладкая жизнь НН""Маг.№9 Коминтерна 121";ул. Коминтерна 121;Обычный;11.4696;
"Перек*ООО""Сладкая жизнь НН""Маг.№115 Южное ш.35";Южное шоссе, 35;Обычный;6.85;
"Карусель*ООО""Сладкая жизнь НН"", пл.Комсомольская, д.2";пл.Комсомольская, д.2;Евро;21.6958;
"Перек*ООО""Сладкая жизнь НН""Маг.Ярошенко";г.Ярошенко;Обычный;0;?????
АШАН*., д.Федяково;Мега, Федяково пос, Мега;Евро;34.5357;
ЛагСельх*Минимаркет, ул.Жукова (на остановке С/х);ул.Жукова (на остановке С/х);Обычный;4;??????
"Лаг40лет*киоск""Каравай""ул. 40 лет Победы, киоск №3";ул. 40 лет Победы, 1Б ;Обычный;15.6756;
Щербинки 1, д.17;Щербинки 1, д.17;Обычный;24.7381;
"Крылова*минимаркет ""Продукты"", ул.Терешковой, д.6";ул.Терешковой, д.6;Обычный;3;
"Данил*пр.Ленина, д.72а, Магазин ""Тамара""";пр.Ленина, д.72а;Обычный;2.5;
Инфекц 1*Столовая, ул. Барминская, 8а;ул. Барминская, 8а;Обычный;0;
ПершинаАвт*Магазины/Автозавод;ПершинаАвт*Магазины/Автозавод;Обычный;63.3351;?????
ПершинаЛен*/Ленинский район;ПершинаЛен*/Ленинский район;Обычный;38.7472;?????
"Ока*Магазин ""Продукты"", ул.3-я Ямская, д.7";ул.3-я Ямская, д.7;Обычный;5.90536;
Верхневолжскнефтепровод*;Верхневолжскнефтепровод*;Обычный;0;56.124927, 44.122183
Авдеева О.Н.*, ул.Батумская, д.1а, м-н Продукты;ул.Батумская, д.1а;Обычный;21.8631;
Зимина* Н.А., хл.крошка;Зимина* Н.А., хл.крошка;Обычный;0;?????
гиг/ФБУН* ННИИГП,Институт гигиены,ул.Семашко, д.20;ул.Семашко, д.20;Обычный;0;
"КлаббериООО* ""Клаббери"", Гостин. Ока, пр.Гаг, д.27";пр.Гагарина, д.27;Обычный;1.25;
Продукт-Сервис*№5 КПП 525932003 Баранова 5а;ул. Баранова, 5а;Обычный;35.1046;
Омега*SPAR № 151, ул.Ванеева, д.231;ул.Ванеева, д.231;Обычный;15.9252;
Ромашов* д.Суроватиха, ул.Центральная, д.47;ул.Центральная, д.47;Обычный;10.4881;undetected
Сухова* д.Суроватиха,ул.Совхозная (синий вагончик);ул.Совхозная (синий вагончик);Обычный;4.64583;уточнить дом
Росинка* д.Суроватиха, ул.Огарева, д.5а;д.Суроватиха, ул.Огарева, д.5а;Обычный;4.3125;
Росинка* д.Суроватиха, ул.Северная, д.14;д.Суроватиха, ул.Северная, д.14;Обычный;2;undetected
Ромашов* д.Суроватиха, ул.Совхозная д.1а;д.Суроватиха, ул.Совхозная д.1а;Обычный;8.08333;
Райцентр* ул.Горная, д.11;ул.Горная, д.11;Обычный;0;
Панова* Богоявление,ул.Шоссейная (Автостанция);ул.Шоссейная (Автостанция);Обычный;7.33333;?????
Малышева* Магазин ул. Центральная;ул. Центральная;Обычный;0;?????
"Форвард* ул.Б.Покровская, д.73, павильон ""Т34""";ул.Б.Покровская, д.73;Обычный;2.24524;
"Христофоров*ул.Звединка, д.7, маг.""Продукты"",";ул.Звединка, д.7;Обычный;6.625;
"Шиповников*ул. Бонч Бруевича, д 8а, маг.""Продукты""";ул. Бонч Бруевича, д 8а;Обычный;7.33333;
"Зуева*ул.Хохлова, д.1, м-н ""Для Вас""";ул.Хохлова, д.1;Обычный;2;
Продукт-Сервис*№4  КПП ул.Рождественская, д.21;ул.Рождественская, д.21;Обычный;23.2173;
Продукт-Сервис*№14 КПП Казанское шоссе, д.12/1;Казанское шоссе, д.12/1;Обычный;24.5048;
Свежие* продукты №186, ул.Бекетова, д.33;ул.Бекетова, д.33;Обычный;7.39851;
"Перек*ООО""Сладкая жизнь НН""Маг.№19 г.Заволжье";г.№19 г.Заволжье;Обычный;0;?????
"Перек*ООО""Сладкая жизнь НН""Маг.№20 г.Городец";г.№20 г.Городец;Обычный;0;?????
Джаварян*ул.Карла Маркса, д.32, Минимаркет;ул.Карла Маркса, д.32;Обычный;0;
"Косулимова*пр.Кораблестроителей, д.15 А, ТЦ ""На Стрелковой""";пр.Кораблестроителей, д.15 А;Обычный;41;
"Яр*НН ""SPAR №192""ул.Дубравная, 2 линия, д.1а";ул.Дубравная,  д.1а;Обычный;9.08185;
"Виктория*п.Дружный, м-н ""Алтын""";Дружный пос, 12а;Обычный;0;
"Продсервис*п.Сухобезводное, ул.2-я Лесная, д.21, м-м ""Комендантский""";п.Сухобезводное, ул.2-я Лесная, д.21;Обычный;0;undetected
"Продсервис*п.Сухобезводное,ул.Красноармейская, д.5, м-м ""Континент""";п.Сухобезводное,ул.Красноармейская, д.5;Обычный;19.1417;undetected
"Гамилова*п.Сухобезводное, м-н ""Тройка""";"п.Сухобезводное, м-н ""Тройка""";Обычный;17.1764;?????
"Гамилова*п.Сухобезводное, м-н ""Ручеек""";"п.Сухобезводное, м-н ""Ручеек""";Обычный;12.4333;?????
"Гамилова*п.Сухобезводное, м-н ""Мечта""";"п.Сухобезводное, м-н ""Мечта""";Обычный;0;?????
"Луч*п.Сорм.пролетарий,ул.Центральная,д.16 кафе ""Люкс""";"ул.Центральная,д.16 кафе ""Люкс""";Обычный;0.8125;undetected
"Луч*п.Сорм.пролетарий,ул.Центральная, д.16, м-н ""Лотос""";"ул.Центральная, д.16, м-н ""Лотос""";Обычный;4.41667;undetected
"Ким*Московское ш., д.189, м-н ""Наш хлебный""";Московское шоссе, д.189;Обычный;1.79167;
"Продсервис*п.Сухобезводное, ул.Мира, д.3, м-м ""Гармония""";"ул.Мира, д.3, м-м ""Гармония""";Обычный;0;undetected
Продукт-Сервис*№23, ул.Малая Ямская, д.65/4, 4 помещение;ул.Малая Ямская, д.65/4;Обычный;42.5628;
Садко* SPAR №121, ул.Алексеевская, д.8а/1;ул.Алексеевская, д.8а/1;Обычный;15.0448;
"Страшко*ул.Б.Панина, д.21, м-н ""Продукты""";ул.Б.Панина, д.21;Обычный;2.5;
Мерканто* SPAR № 197, пр.Гагарина, д.110;пр.Гагарина, д.110;Обычный;51.8889;
Продукт-Сервис*№1, ул.Чкалова, д.1;ул.Чкалова, д.1;Обычный;33.4485;
"Анжелика* ""Апельсин"" №4, ул.Веденяпина, д.24";ул.Веденяпина, д.24;Обычный;5;
Театр*Комедии, ул.Грузинская, д.23;ул.Грузинская, д.23;Обычный;0;
Гуцан*, Мытный рынок, маркет;ул. Большая Покровская, 2;Обычный;0;
Визит*ул.Героя Васильева, у д.1, минимаркет;ул.Героя Васильева, д.1а;Обычный;0.541667;
Визит*ул.Героя Васильева, у д.44, минимаркет;ул.Героя Васильева, д.46а;Обычный;0;
Визит*ул.Мельникова, у д.16, минимаркет;ул.Мельникова, д.16а;Обычный;0.9875;
Надежда*SPAR №203г.Богородск, ул.Ленина, д.214;г.Богородск, ул.Ленина, д.214;Обычный;32.1192;
"Карусель*ООО""Сладкая жизнь НН""Маг.№20 Московское ш., д.296а";Московское шоссе, д.296а;Евро;8.72321;
Сомова*пл.Жукова, д.7, Приокский рынок, киоск №4 Хлеб;пл.Жукова, д.7;Обычный;0;
"Озманян*с.Богоявление, м-н ""Продукты"", рядом с автостанцией";"с.Богоявление, м-н ""Продукты"", рядом с автостанцией";Обычный;0;?????
Сфера*ИП Орешкин, ул.Краснозвездная, у д.№4;ул.Краснозвездная, д. 4а;Обычный;6.33333;
"Кофебук*ул.Звездинка, д.10/52, ТЦ ""Арбат"", кафе ""Китчен""";ул.Звездинка, д.10/52;Обычный;1.35417;тц существует, но название другое
Продукт-Сервис*№34, пр.Гагарина, д.186;пр.Гагарина, д.186;Обычный;18.5268;
Вкус*жизни, ул.Рождественская, д.33, столовая, со стороны пер.Неженский;ул.Рождественская, д.33;Обычный;0;
"Ларина*ул.Адм.Макарова, д.3, м-н ""Мяснов отдохни"" (конд.отдел)";ул.Адм.Макарова, д.3;Обычный;12;
Мерканто*плюс SPAR № 175, ул.Тимирязева, д.3,;ул.Тимирязева, д.3,;Обычный;46.8367;
"Корона*плюс, пр.Ленина, у д.45, м-м ""Лидия""";пр.Ленина, д.45б;Обычный;8;
"Першина*ИП Зимина, ул.Есенина, д.41, м-н ""Мясной""";ул.Есенина, д.41;Обычный;2.25;
Першина*ИП Зимина, ул.Совнаркомовская, д.32;ул.Совнаркомовская, д.32;Обычный;1.4375;
Гордеева*с.Линда, ул.Северная, столовая Птицефабрики;с.Линда, ул.Северная, столовая Птицефабрики;Обычный;1;
"Перек*ООО""Сладкая жизнь НН""Маг.№, ул.К.Маркса, д.7а";ул.К.Маркса, д.7а;Обычный;40.9304;
Мерканто*плюс, SPAR № 165, ул.Радужная, д.2;ул.Радужная, д.2;Обычный;19.7667;
Надежда*SPAR№231, г.Богородск, ул.Котельникова, д.68а;г.Богородск, ул.Котельникова, д.68а;Обычный;32.2273;
"Булгак*пр.Гагарина, д.184, м-н ""Мяснов-Отдохни""";"пр.Гагарина, д.184, м-н ""Мяснов-Отдохни""";Обычный;11;
Полякова*Афонино, ул.Зеленая, д.66;д. Афонино, ул.Зеленая, д.66;Обычный;5;
Пирютко*Казанское ш., между домами 21 и 23, Киоск;Казанское шоссе, 21;Обычный;6;
Ахмеров* ст.Суроватиха, ул,Ломоносова, д.1;ст.Суроватиха, ул,Ломоносова, д.1;Обычный;5.03036;undetected
Гимназия* №1, пл.Минина, д.5;пл.Минина, д.5;Обычный;1.25;
Школа* №3, ул.Маслякова, 1;ул.Маслякова, 1;Обычный;0.625;
Гимназия №13*, ул.Б.Печерская, д.16б;ул.Большая Печерская, д.16б;Обычный;0;
Школа* №7, ул.Верхне-Печерская, д.4а;ул.Верхне-Печерская, д.4а;Обычный;2.3125;
Лицей* №8, ул.Пискунова, д.35а;ул.Пискунова, д.35а;Обычный;7.375;
Гимназия* №13, ул.Б.Печерская, д.63в;ул.Б.Печерская, д.63в;Обычный;1.33333;
Школа* №14, ул.Холодный пер., д.15а;ул.Холодный пер., д.15а;Обычный;0;
Школа* №19, ул.Славянская, д.35;ул.Славянская, д.35;Обычный;1.125;
Школа* №22, ул.Верхне-Печерская, д.5а;ул.Верхне-Печерская, д.5а;Обычный;0;
Школа* №30, ул.Донецкая, д.3;ул.Донецкая, д.3;Обычный;2.5;
Школа* №35, ул.Фруктовая, д.8;ул.Фруктовая, д.8;Обычный;0;
Лицей* №40, ул.Варварская, д.15а;ул.Варварская, д.15а;Обычный;0;
Школа* №42, ул.Верхне-Печерская, д.3а;ул.Верхне-Печерская, д.3а;Обычный;1.16667;
Школа* №102, ул.Родионова, д.201;ул.Родионова, д.201;Обычный;0;
Школа* №103, ул.Верхне-Печерская, д.10;ул.Верхне-Печерская, д.10;Обычный;2.625;
Школа* №33, пер.Урожайный, д.4;пер.Урожайный, д.4;Обычный;2;
Школа* №113, пер.Плотничный, д.18а;пер.Плотничный, д.18в;Обычный;0.604167;
Школа* №24, ул.Генерала Ивлиева, д.32/4;ул.Генерала Ивлиева, д.32, к.4;Обычный;0;
Гимназия* №25, ул.Кулибина, д.6;ул.Кулибина, д.6;Обычный;0;
Лицей* №28, пр.Гагарина, д.8;пр.Гагарина, д.8;Обычный;0;
Школа* №29, ул.Ошарская, д.70;ул.Ошарская, д.70;Обычный;0;
Школа* №44, ул.Н.Сусловой, д.5/3;ул.Н.Сусловой, д.5/3;Обычный;0;
Школа* №46, ул.Б.Корнилова, д.10;ул.Б.Корнилова, д.10;Обычный;0;
Школа* №47, пр.Гагарина, д.44;пр.Гагарина, д.44;Обычный;0;
Школа* №49, ул.Малиновского, д.12;ул.Малиновского, д.12;Обычный;0;
Гимназия* №53, ул.Бекетова, д.19а;ул.Бекетова, д.19а;Обычный;0;
Школа* №54, ул.Ванеева, д.104/3;ул.Ванеева, д.104/3;Обычный;0;
Школа* №122, ул.Верхняя, д.8;ул.Верхняя, д.8;Обычный;0;
Школа* №173, ул.Бекетова, д.29а;ул.Бекетова, д.29а;Обычный;0;
Лицей* №38, ул.Ванеева, д.7/57;ул.Ванеева, д.7/57;Обычный;0;
Гимназия* №1(филиал), ул.Минина, д.10а;ул.Минина, д.10а;Обычный;1.14583;
Лицей* №40 (филиал), ул.Горького, д.150в;ул.Горького, д.150в;Обычный;0;
Лицей* №28 (начальная), ул.Тимирязева, д.29а;ул.Тимирязева, д.29а;Обычный;0;
Школа* №134, ул.40 лет.Победы, д.16;ул.40 лет.Победы, д.16;Обычный;0;
"Грешнихина*ул.Окт.революции, д.45а, м-н ""Лакомка""";ул.Окт.революции, д.45а;Обычный;11.1667;
Альянс*SPAR №232, ул.Академика Баха, д.2;ул.Академика Баха, д.2;Обычный;9.79613;
Продукт-Сервис*№24, г.Чкаловск, ул.Мира, д.1;г.Чкаловск, ул.Мира, д.1;Обычный;10.4258;
Нарушева*ул.Ванеева, д.211;ул.Ванеева, д.211;Обычный;0;
Арефьева*ул.Полевая, д.10;ул.Полевая, д.10;Обычный;6.32738;
Продукт-Сервис*№12, г.Городец, ул.Кирова, д.25;г.Городец, ул.Кирова, д.25;Обычный;13.275;
Шиповников* и Ко, ул.Касьянова, д.2;ул.Касьянова, д.2;Обычный;3.67619;
"Зеленов*ул.Октябрьской революции, д.18, м-н ""Дилер""";ул.Октябрьской революции, д.18;Обычный;2.76845;
Кам*п.Кудьма, ул.Пушкина, д.20в;ул.Пушкина, д.20в;Обычный;14.425;
Кам*д.Кусаковка, ул.Центральная, д.9;ул.Центральная, д.9;Обычный;4.83333;
"Союз*ул.Артельная, д.12а, м-н ""Продукты""";ул.Артельная, д.12а;Обычный;7.16667;
Баусова*ул.Родионова, д.190;ул.Родионова, д.190;Обычный;0;
"Фролова*""пр.Ленина, д.59";пр.Ленина, д.59;Обычный;0.916667;
Вертикаль*д.Комарово, ул.Животноводов, д.64а;ул.Животноводов, д.64а;Обычный;3.65476;
"Французов*ул.Голованова, д.73, м-н ""Аверс""";"ул.Голованова, д.73, м-н ""Аверс""";Обычный;2.625;
Гладышев*пр.Гагарина, д.113;пр.Гагарина, д.113;Обычный;9.12917;
Быхалов*Бульвар Заречный, д.9;бульвар Заречный, д.9;Обычный;2.2;
Волна*пр.Ленина, д.98;пр.Ленина, д.98;Обычный;0;
Лагзян*Анкудиновское ш.;Лагзян*Анкудиновское ш.;Обычный;1.5;?????
Мутафян*п.Окский, ул.Новожилова, д.12;посёлок Окский, ул.Новожилова, д.12;Обычный;7.38393;
Мутафян*п.Доскино, ул.Магистральная, д.52а;Доскино, ул.Магистральная, д.52а;Обычный;5.06667;
Бауэр*ул.Гоголя, д.45а;ул.Гоголя, д.45а;Обычный;4;
"Гаврилюк* магазин ""Ямал"" Суроватиха";"Гаврилюк* магазин ""Ямал"" Суроватиха";Обычный;3.66667;?????
Пигач*д.Афонино, ул.Магистральная, д.2;д.Афонино, ул.Магистральная, д.2;Обычный;4.96667;
Атомэнергопроект*пл.Свободы, д.3;пл.Свободы, д.3;Обычный;0;
Пивтрест*ул.Луначарского, д.25, ресторан Антей;ул.Луначарского, д.25;Обычный;0;
"Статус*ул.Робеспьера, д.2, м-н ""Продукты""";ул.Робеспьера, д.2;Обычный;4.625;
Сфера*Андрианов, ул.Борисова, д.64;ул.Борисова, д.64;Обычный;4.59762;
МЧС*ул.Фруктовая, д.6;ул.Фруктовая, д.6;Обычный;1.5;
"Чашин*ул.В.Печерская, у д.№5, м-н ""Орбита""";ул. Верхнепечёрская , д.№5;Обычный;25.1256;
Петров*и Ко, ул.Белинского, у д.85, минимаркет;ул.Белинского, д.85;Обычный;2.13869;
Петров*и Ко, ул.Полтавская, у д.2А, минимаркет;ул.Полтавская, у д.2А;Обычный;5;
Петров*и Ко, ул.Ковалихинская, д.30, минимаркет;ул.Ковалихинская, д.30;Обычный;0;
Юкон*SPAR №234, ул.Белинского, д.64, Помещение 11;ул.Белинского, д.64;Обычный;9.03452;
НИИИС*ул.Тропинина, д.13, Санаторий;ул.Тропинина, д.13;Обычный;0;
Детский*сад №152, ул.Глеба Успенского, д.11а;ул.Глеба Успенского, д.11а;Обычный;0;
Детский*сад №154, ул.Херсонская, д.14/1;ул.Херсонская, д.14/1;Обычный;0;
Детский*сад №155, пр.Ленина, д.61а;пр.Ленина, д.61а;Обычный;0;
Детский*сад №36, пр.Ленина, д.74;пр.Ленина, д.74;Обычный;0;
Детский*сад №42, пер.Райниса, д.6;пер.Райниса, д.6;Обычный;0;
Детский*сад №69, ул.Усиевича, д.21а;ул.Усиевича, д.21а;Обычный;0;
Детский*сад №158, ул.Перекопская, д.5а;ул.Перекопская, д.5а;Обычный;0;
Детский*сад №97, ул.Арктическая, д.4а;ул.Арктическая, д.4а;Обычный;0;
Детский*сад №99, пер.Райниса, д.9;пер.Райниса, д.9;Обычный;0;
Детский*сад №159, пр.Ленина, д.57/4;пр.Ленина, д.57/4;Обычный;0;
Детский*сад №103А, пер.Райниса, д.3а;пер.Райниса, д.3а;Обычный;0;
Детский*сад №165, ул.Диксона, д.33;ул.Диксона, д.33;Обычный;0;
Детский*сад №167, пр.Ленина, д.28/10;пр.Ленина, д.28/10;Обычный;0;
Детский*сад №125, ул.Самочкина, д.5а;ул.Самочкина, д.5а;Обычный;0;
Детский*сад №201, пр.Ленина, д.83;пр.Ленина, д.83;Обычный;0;
Детский*сад №247, ул.Каширская, д.69а;ул.Каширская, д.69а;Обычный;0;
Детский*сад №256, ул.Таганская, д.9б;ул.Таганская, д.9б;Обычный;0;
Детский*сад №269, ул.Космонавта Комарова, 13б;ул.Космонавта Комарова, 13б;Обычный;0;
Детский*сад №275, ул.Таганская, д.9а;ул.Таганская, д.9а;Обычный;0;
Детский*сад №278, ул.Композиторская, д.3;ул.Композиторская, д.3;Обычный;0;
Детский*сад №290, пр.Ленина, д.50а;пр.Ленина, д.50а;Обычный;0;
Детский*сад №294, ул.Героя Чугунова, д.5б;ул.Героя Чугунова, д.5б;Обычный;0;
Детский*сад №297, пер.Ермака, д.2а;пер.Ермака, д.2а;Обычный;0;
Детский*сад №325, ул.Сухопутная, д.4;ул.Сухопутная, д.4;Обычный;0;
Детский*сад №340, ул.Глеба Успенского, д.1а;ул.Глеба Успенского, д.1а;Обычный;0;
Детский*сад №368, пр.Ленина, д.49а;пр.Ленина, д.49а;Обычный;0;
Детский*сад №386, ул.Комарова, д.1а;ул.Комарова, д.1а;Обычный;0;
Детский*сад №401, ул.Юпитерская, д.4а;ул.Юпитерская, д.4а;Обычный;0;
Детский*сад №410, пр.Ленина, д.26в;пр.Ленина, д.26в;Обычный;0;
Детский*сад №430, ул.Даргомыжского, д.1/1;ул.Даргомыжского, д.1/1;Обычный;0;
Детский*сад №436, пр.Ленина, д.43/6;пр.Ленина, д.43/6;Обычный;0;
Детский*сад №453, ул.Даргомыжского, д.1/2;ул.Даргомыжского, д.1/2;Обычный;0;
Детский*сад №458, ул.Адм.Макарова, д.2/1;ул.Адм.Макарова, д.2/1;Обычный;0;
Детский*сад №461, ул.Адм.Макарова, д.5/3;ул.Адм.Макарова, д.5/3;Обычный;0;
Детский*сад №151, пр.Ленина, д.19б;пр.Ленина, д.19б;Обычный;0;
МОУ*СОШ №138, ул.Завкомовская, д.1;ул.Завкомовская, д.1;Обычный;0;
Детский*сад №369, ул.Паскаля, д.4;ул.Паскаля, д.4;Обычный;0;
Детский*сад №6, м/р Щербинки-1, д.2а;микрорайон Щербинки-1, д.2а;Обычный;0;
Детский*сад №162, ул.Пятигорская, д.2а;ул.Пятигорская, д.2а;Обычный;0;
Детский*сад №36, м/р Щербинки-1, д.9а;микрорайон Щербинки-1, д.9а;Обычный;0;
Детский*сад №50, ул.Петровского, д.21а;ул.Петровского, д.21а;Обычный;0;
Детский*сад №87, ул.М.Жукова, д.27;ул.Маршала  Жукова, д.27;Обычный;0;
Детский*сад №119, ул.М.Жукова, д.23;ул.Маршала Жукова, д.23;Обычный;0;
Детский*сад №129, ул.М.Голованова, д.51;ул.Маршала Голованова, д.51;Обычный;0;
Детский*сад №205, ул.Вологдина, д.3а;ул.Вологдина, д.3а;Обычный;0;
Детский*сад №143, ул.Батумская, д.9в;ул.Батумская, д.9в;Обычный;0;
Детский*сад №150, м/р Щербинки-1, д.31; микрорайон  Щербинки-1, д.31;Обычный;0;
Детский*сад №162, ул.Пятигорская, д.6;ул.Пятигорская, д.6;Обычный;0;
Детский*сад №210, ул.Жукова, д.15;ул.Жукова, д.15;Обычный;0;
Детский*сад №234, ул.40 лет Октября, д.18а;ул.40 лет Октября, д.18а;Обычный;0;
Детский*сад №205, ул.Луганская, д.8;ул.Луганская, д.8;Обычный;0;
Детский*сад №271, ул.Горная, д.10а;ул.Горная, д.10а;Обычный;0;
Детский*сад №298, ул.Крылова, д.4а;ул.Крылова, д.4а;Обычный;0;
Детский*сад №313 ул.Терешковой, д.3а;ул.Терешковой, д.3а;Обычный;0;
Детский*сад №315, ул.Сурикова, д.8а;ул.Сурикова, д.8а;Обычный;0;
Детский*сад №343, ул.Невская, д.27;ул.Невская, д.27;Обычный;0;
Школа* №48, пос.Черепичный, д.19 (Детский сад);пос.Черепичный, д.19;Обычный;0;
Детский*сад №379, ул.Батумская, д.6а;ул.Батумская, д.6а;Обычный;0;
Детский*сад №412, ул.Голованова, д.43;ул.Голованова, д.43;Обычный;0;
Детский*сад №413, ул.40 лет Октября, д.21а;ул.40 лет Октября, д.21а;Обычный;0;
Детский*сад №435, ул.Тропинина, д.5;ул.Тропинина, д.5;Обычный;0;
Детский*сад №440, ул.Маршала Жукова, д.7;ул.Маршала Жукова, д.7;Обычный;0;
Детский*сад №442, ул.Голованова, д.41а;ул.Голованова, д.41а;Обычный;0;
Детский*сад №451, ул.Цветочная, д.4;ул.Цветочная, д.4;Обычный;0;
Детский*сад №465, Анкудиновское шоссе, д.11а;Анкудиновское шоссе, д.11а;Обычный;0;
Детский*сад №150, Полевая, д.10;Полевая, д.10;Обычный;0;
Спецшкола*-интернат №56, ул.Невская, д.25;ул.Невская, д.25;Обычный;0;
Санаторно*-лесная школа, Анкудиновское ш., д.24;Анкудиновское шоссе, д.24;Обычный;0;
Спецшкола*для глухих, Анкудиновское ш., д.9;Анкудиновское шоссе, д.9;Обычный;0;
Школа*интернат №6, ул.Сухопутная, д.2;ул.Сухопутная, д.2;Обычный;0;
Детский*сад №18, ул.Акимова, д.44а;ул.Акимова, д.44а;Обычный;0;
Детский*сад №47, ул.Есенина, д.9;ул.Есенина, д.9;Обычный;0;
Детский*сад №53, ул.Московское шоссе, д.35а;ул.Московское шоссе, д.35а;Обычный;0;
Детский*сад №54, ул.Ярморочный проезд, д.5а;ул.Ярморочный проезд, д.5а;Обычный;0;
Детский*сад №63, ул.Пролетарская, д.5а;ул.Пролетарская, д.5а;Обычный;0;
Детский*сад №65, ул.Есенина, д.9а;ул.Есенина, д.9а;Обычный;0;
Детский*сад №67, ул.Карла Маркса, д.28;ул.Карла Маркса, д.28;Обычный;0;
Детский*сад №126, ул.Есенина, д.15;ул.Есенина, д.15;Обычный;0;
Детский*сад №433, ул.Есенина, д.8а;ул.Есенина, д.8а;Обычный;0;
Детский*сад №438, ул.Акимова, д.7;ул.Акимова, д.7;Обычный;0;
Детский*сад №444, ул.Акимова, д.6;ул.Акимова, д.6;Обычный;0;
Школа*интернат №2, Московское ш., д.79;Московское шоссе, д.79;Обычный;0;
Академия*правосудия, пр.Гагарина, д.17а;пр.Гагарина, д.17а;Обычный;0;
3165 Пятерочка*Мещерский бульвар, д.5/3;Мещерский бульвар, д.5/3;Обычный;10.7137;
2192 Пятерочка*пр.Ленина, д.53;пр.Ленина, д.53;Обычный;16.025;
2194 Пятерочка*ул.Даргомыжского, д.19, кор.1;ул.Даргомыжского, д.19, кор.1;Обычный;18.0411;
2223 Пятерочка*ул.Дьяконова, д.24;ул.Дьяконова, д.24;Обычный;0;
2340 Пятерочка*ул.Львовская, д.4;ул.Львовская, д.4;Обычный;13.4792;
2343 Пятерочка*ул.Глеба Успенского, д.16а;ул.Глеба Успенского, д.16а;Обычный;9.86071;
2375 Пятерочка*ул.Кулибина, д.3;ул.Кулибина, д.3;Обычный;14.8298;
2598 Пятерочка*ул.6-й микрорайон, д.13а;ул.6-й микрорайон, д.13а;Обычный;5.05536;
2604 Пятерочка*ул.Витебская, д.46;ул.Витебская, д.46;Обычный;13.4881;
2665 Пятерочка*ул.Планетная, д.36а;ул.Планетная, д.36а;Обычный;8.70238;
3172 Пятерочка*пр.Кирова, д.20;пр.Кирова, д.20;Обычный;9.0256;
2376 Пятерочка*г.Чкаловск, Квартал Лесной, д.1;г.Чкаловск, Квартал Лесной, д.1;Обычный;12.1262;
2147 Пятерочка*г.Кстово, ул.40 лет Октября, д.13;г.Кстово, ул.40 лет Октября, д.13;Обычный;6.29524;
2657 Пятерочка*г.Кстово, пр.Победы, д.13;г.Кстово, пр.Победы, д.13;Обычный;12.4512;
3154 Пятерочка*г.Бор, ул.Маяковского, участок 2ж;г.Бор, ул.Маяковского, участок 2ж;Обычный;0;
102 Пятерочка* ул.Лопатина, д.1, ТЦ Скала;ул.Лопатина, д.1;Обычный;23.044;
106 Пятерочка* ул.Тонкинская, д.3;ул.Тонкинская, д.3;Обычный;21.2827;
107 Пятерочка* ул.Львовская, д.7;ул.Львовская, д.7;Обычный;7.98274;
111 Пятерочка*ул.Мечникова, д.39;ул.Мечникова, д.39;Обычный;6.94345;
118 Пятерочка*ул.Родионова, д.15а;ул.Родионова, д.15а;Обычный;12.4262;
119 Пятерочка*Московское ш., д.213а;Московское шоссе, д.213а;Обычный;7.80893;
120 Пятерочка*ул.Перекопская, д.8;ул.Перекопская, д.8;Обычный;17.5649;
135 Пятерочка*ул.Маршала Рокоссовского, д.15;ул.Маршала Рокоссовского, д.15;Обычный;17.9327;
941 Пятерочка*ул.Лескова, д.9;ул.Лескова, д.9;Обычный;8.37976;
942 Пятерочка*ул.Богородского, д.7/3;ул.Богородского, д.7/3;Обычный;21.9929;
944 Пятерочка*пр-т Октября, д.2а;проспект Октября, д.2а;Обычный;13.4976;
1013 Пятерочка*пр-т Ленина, д.61;проспект Ленина, д.61;Обычный;9.55952;
1055 Пятерочка*ул.Академика Баха, д.2а;ул.Академика Баха, д.2а;Обычный;12.994;
1067 Пятерочка*ул.Березовская, д.110;ул.Березовская, д.110;Обычный;10.5429;
1071 Пятерочка*бульвар Коноваленко, д.4;бульвар Коноваленко, д.4;Обычный;10.9345;
1084 Пятерочка*ул.Академика Лебедева, д.1;ул.Академика Лебедева, д.1;Обычный;6.41429;
1616 Пятерочка*ул.Каширская, д.71;ул.Каширская, д.71;Обычный;11.2923;
1812 Пятерочка*ул.Верхнепечерская, д.14б;ул.Верхнепечерская, д.14б;Обычный;8.65179;
1848 Пятерочка*ул.Тюленина, д.4;ул.Тюленина, д.4;Обычный;8.81667;
105 Пятерочка*г.Балахна, ул.Коммунистическая, д.18;г.Балахна, ул.Коммунистическая, д.18;Обычный;5.01429;
113 Пятерочка*г.Городец, ул.Колхозная, д.1;г.Городец, ул.Колхозная, д.1;Обычный;6.42321;
116 Пятерочка*г.Балахна, ул.Дзержинского, д.50;г.Балахна, ул.Дзержинского, д.50;Обычный;4.54107;
133 Пятерочка*г.Балахна, ул.Коммунистическая, д.1/2;г.Балахна, ул.Коммунистическая, д.1/2;Обычный;0;
1619 Пятерочка*г.Заволжье, ул. Мичурина, д. 26, пом. П1.;г.Заволжье, ул. Мичурина, д. 26;Обычный;3.85119;
1810 Пятерочка*г.Городец, ул.З.Серого, д.12, пом. П2;г.Городец, ул.З.Серого, д.12;Обычный;0;
2035 Пятерочка*г.Городец, ул.Республиканская, строение 71 «А»;г.Городец, ул.Республиканская,  71а;Обычный;8.8381;
131 Пятерочка*пос.Ждановский, ул.Школьная, д.51;ул.Школьная, д.51;Обычный;7.59167;
945 Пятерочка*г.Кстово, 2-й микрорайон, д.25;г.Кстово, 2-й микрорайон, д.25;Обычный;3.86845;
1056 Пятерочка*г.Кстово, пр.Капитана Рачкова, д.13;г.Кстово, пр.Капитана Рачкова, д.13;Обычный;0;
947 Пятерочка*г.Бор, ул.Ленина, д.130;г.Бор, ул.Ленина, д.130;Обычный;4.11905;
1244 Пятерочка*г.Бор, ул.Максимова, д.7;г.Бор, ул.Максимова, д.7;Обычный;0;
943 Пятерочка*г.Богородск, ул. Ленина, 205а;г.Богородск, ул. Ленина, 205а;Обычный;5.80833;
2694 Пятерочка*г.Богородск, ул.Туркова, д.10;г.Богородск, ул.Туркова, д.10;Обычный;7.63036;
Атингеевский*д.Гремячки, ул.Ключевая, д.66а;ул.Ключевая, д.66а;Обычный;2;
Атингеевский*п.Кудьма, ул.Пушкина, д.22;ул.Пушкина, д.22;Обычный;6.12202;
"Мельник*ул.Радужная, д.9, м-м ""Лорис""";ул.Радужная, д.9;Обычный;1.71726;
Мерканто*плюс, SPAR №116, ул.М.Горького, д.218/22;ул.М.Горького, д.218/22;Обычный;20.4996;
Стандарт*Магазин № 101, ул.Березовская, д.103;ул.Березовская, д.103;Обычный;33.0521;
"Элоян*Московское шоссе, д.9, м-н ""Шайба"" ТЦ Приволжье";Московское шоссе, д.9;Обычный;8;
"Бренева*ул.Медицинская, д.1а, м-н ""Продукты""";ул.Медицинская, д.1а;Обычный;3.18333;
АШАН* Мещерское озеро;ул. Бетанкура, 1;Евро;17.069;
Театр*драмы, ул.Б.Покровская, д.13;ул.Б.Покровская, д.13;Обычный;0;
2368 Пятерочка*ул.Лопатина, д.6;ул.Лопатина, д.6;Обычный;17.3726;
"Лаптева*ул.Дачная, д.1б, м-н ""Продукты""";ул.Дачная, д.1б;Обычный;2.625;
"Каленин*ул.Баха у д.2, м-м ""Калинка""";ул.Баха, д.2;Обычный;1.83036;
"Торнадо*ул.Аксакова, д.32а, м-м ""Торнадо""";ул.Аксакова, д.32а;Обычный;2.25;
Кодряну*ул.Ижевская, д.76, м-н Продукты;ул.Ижевская, д.76;Обычный;6.5625;
Завод*Петровского, ул.Тургенева, д.30, столовая;ул.Тургенева, д.30;Обычный;0;
Детский*сад №5, ул.Родионова, д.199, к.1;ул.Родионова, д.199, к.1;Обычный;0;
Детский*сад №7, ул.Ковалихинская, д.49а;ул.Ковалихинская, д.49а;Обычный;0;
Детский*сад №9, ул.Минина, д.3в;ул.Минина, д.3в;Обычный;0;
Детский*сад №19, ул.М.Ямская, д.9а;ул.М.Ямская, д.9а;Обычный;0;
Детский*сад №20, ул.Володарского, д.63;ул.Володарского, д.63;Обычный;0;
Детский*сад №23, ул.Ульянова, д.35;ул.Ульянова, д.35;Обычный;0;
Детский*сад №31, ул.Маслякова, д.8;ул.Маслякова, д.8;Обычный;0;
Детский*сад №33, Казанское шоссе, д.3б;Казанское шоссе, д.3б;Обычный;0;
Детский*сад №38, пер.Крутой, д.11;пер.Крутой, д.11;Обычный;0;
Детский*сад №42, ул.Донецкая, д.4а;ул.Донецкая, д.4а;Обычный;0;
Детский*сад №67, ул.Касьянова, д.6а;ул.Касьянова, д.6а;Обычный;0;
Детский*сад №86, ул.Ильинская, д.168;ул.Ильинская, д.168;Обычный;0;
Детский*сад №120, ул.Семашко, д.17а;ул.Семашко, д.17а;Обычный;0;
Детский*сад №135, ул.Б.Перекресная, д.9;ул.Б.Перекресная, д.9;Обычный;0;
Детский*сад №136, ул.Грузинская, д.12а;ул.Грузинская, д.12а;Обычный;0;
Детский*сад №161, ул.Костина, д.8а;ул.Костина, д.8а;Обычный;0;
Детский*сад №226, ул.Звездинка, д.7а;ул.Звездинка, д.7а;Обычный;0;
Детский*сад №230, ул.Гоголя, д.16а;ул.Гоголя, д.16а;Обычный;0;
Детский*сад №248, ул.Ильинская, д.118а;ул.Ильинская, д.118а;Обычный;0;
Детский*сад №265, ул.Горького, д.100г;ул.Горького, д.100г;Обычный;0;
Детский*сад №289, пер.Короткий, д.9а;пер.Короткий, д.9а;Обычный;0;
Детский*сад №329, ул.Ковалихинская, д.35а;ул.Ковалихинская, д.35а;Обычный;0;
Детский*сад №432, ул.Фруктовая, д.9а;ул.Фруктовая, д.9а;Обычный;0;
Детский*сад №445, ул.Фруктовая, д.11;ул.Фруктовая, д.11;Обычный;0;
Детский*сад №447, ул.Бринского, д.2/4;ул.Бринского, д.2/4;Обычный;0;
Детский*сад №448, ул.Заломова, д.11а;ул.Заломова, д.11а;Обычный;0;
Детский*сад №459, ул.Лопатина, д.7а;ул.Лопатина, д.7а;Обычный;0;
Детский*сад №469, ул.Лопатина, д.3/1;ул.Лопатина, д.3/1;Обычный;0;
Детский*сад №477, ул.Усилова, д.8а;ул.Усилова, д.8а;Обычный;0;
"Детский*сад №478, К.п.""Зеленый город"" Агродом";поселок Зеленый Город, ул. Агродом, 9;Обычный;0;
Школа* №39, ул.Ильинская, д.22;ул.Ильинская, д.22;Обычный;0;
Школа* №5, ул.Маслякова, 3а;ул.Маслякова, 3а;Обычный;0;
Школа*№18, ул.Белинского, д.35а (Детский сад);ул.Белинского, д.35а;Обычный;0;
Детский*сад №18, ул.Шорина, д.18б;ул.Шорина, д.18б;Обычный;0;
Детский*сад №24, пер.Звенигородский, д.8а;пер.Звенигородский, д.8а;Обычный;0;
Детский*сад №30, ул.Внутриквартальная, д.4;ул.Внутриквартальная, д.4;Обычный;0;
Детский*сад №32, ул.Н.Сусловой, д.9/3;ул.Н.Сусловой, д.9/3;Обычный;0;
Детский*сад №49, ул.Шишкова, д.7, к.5;ул.Шишкова, д.7, к.5;Обычный;0;
Детский*сад №59, ул.Бекетова, д.7б;ул.Бекетова, д.7б;Обычный;0;
Детский*сад №145, ул.Бекетова, д.7а;ул.Бекетова, д.7а;Обычный;0;
Детский*сад №196, ул.Малиновского, д.8;ул.Малиновского, д.8;Обычный;0;
Детский*сад №214, пр.Гагарина, д.36;пр.Гагарина, д.36;Обычный;0;
Детский*сад №220, ул.Артельная, д.10а;ул.Артельная, д.10а;Обычный;0;
Детский*сад №252, ул.Белинского, д.55б;ул.Белинского, д.55б;Обычный;0;
Детский*сад №253, ул.Сибирцева, д.9а;ул.Сибирцева, д.9а;Обычный;0;
Детский*сад №254, ул.Заярская, д.9;ул.Заярская, д.9;Обычный;0;
Детский*сад №267, ул.Богородского, д.15а;ул.Богородского, д.15а;Обычный;0;
Детский*сад №276, ул.Пушкина, д.13/6;ул.Пушкина, д.13/6;Обычный;0;
Детский*сад №282, ул.Ванеева, 19а;ул.Ванеева, 19а;Обычный;0;
Детский*сад №283, ул.Бекетова, д.35в;ул.Бекетова, д.35в;Обычный;0;
Детский*сад №284, ул.Сестер Рукавишниковых, д.15;ул.Сестер Рукавишниковых, д.15;Обычный;0;
Детский*сад №296, ул.Сибирцева, д.5а;ул.Сибирцева, д.5а;Обычный;0;
Детский*сад №342, ул.Бекетова, д.49б;ул.Бекетова, д.49б;Обычный;0;
Детский*сад №392, пер.Кустовой, д.7а;пер.Кустовой, д.7а;Обычный;0;
Детский*сад №395, ул.Н.Сусловой, д.15/2;ул.Н.Сусловой, д.15/2;Обычный;0;
Детский*сад №404, ул.Ивлиева, д.35;ул.Ивлиева, д.35;Обычный;0;
Детский*сад №423, ул.Н.Сусловой, д.3/3;ул.Н.Сусловой, д.3/3;Обычный;0;
Детский*сад №434, ул.Корнилова, д.12;ул.Корнилова, д.12;Обычный;0;
Детский*сад №441, ул.Ванеева, д.120;ул.Ванеева, д.120;Обычный;0;
Детский*сад №466, бульвар 60 лет Октября, д.10;бульвар 60 лет Октября, д.10;Обычный;0;
Школа* №29, ул.Генкиной, д.20а (Детский сад);ул.Генкиной, д.20а;Обычный;0;
Школа* №65, пр.Гагарина, д.10;пр.Гагарина, д.10;Обычный;0;
Детский*сад №277, ул.Бекетова, д.25а;ул.Бекетова, д.25а;Обычный;0;
Школа* №29-Детский сад, ул.Ошарская, д.70;ул.Ошарская, д.70;Обычный;0;
Детский*сад №415, ул.Штеменко, д.8;ул.Штеменко, д.8;Обычный;0;
Детский*сад №6, ул.Вольская, д.1;ул.Вольская, д.1;Обычный;0;
Детский*сад №7, ул.Движенцев, д.9а;ул.Движенцев, д.9а;Обычный;0;
Детский*сад №8, ул.Чкалова, д.11в;ул.Чкалова, д.11в;Обычный;0;
Детский*сад №11, ул.Литературная, д.26а;ул.Литературная, д.26а;Обычный;0;
Детский*сад №14, ул.Октябрьской революции, д.25;ул.Октябрьской революции, д.25;Обычный;0;
Детский*сад №23, ул.Гороховецкая, д.4а;ул.Гороховецкая, д.4а;Обычный;0;
Детский*сад №27, Московское шоссе, д.250а;Московское шоссе, д.250а;Обычный;0;
Детский*сад №56, ул.Подворная, д.16а;ул.Подворная, д.16а;Обычный;0;
Детский*сад №82, ул.Зеленодольская, д.50;ул.Зеленодольская, д.50;Обычный;0;
Детский*сад №103, ул.Путейская, д.45а;ул.Путейская, д.45а;Обычный;0;
Детский*сад №113, ул.Тихорецкая, д.3;ул.Тихорецкая, д.3;Обычный;0;
Детский*сад №118, ул.Тепличная, д.6а;ул.Тепличная, д.6а;Обычный;0;
Детский*сад №27, ул.Московское шоссе, д.262;ул.Московское шоссе, д.262;Обычный;0;
Детский*сад №231, ул.Гороховецкая, д.24а;ул.Гороховецкая, д.24а;Обычный;0;
Детский*сад №352, ул.Электровозная, д.8а;ул.Электровозная, д.8а;Обычный;0;
Детский*сад №361, ул.Григорьева, д.1;ул.Григорьева, д.1;Обычный;0;
Детский*сад №426, ул.Авангардная, д.14а;ул.Авангардная, д.14а;Обычный;0;
Школа* №95, ул.Мануфактурная, д.15;ул.Мануфактурная, д.15;Обычный;0;
Детский*сад №476, ул.Гордеевская, 54а;ул.Гордеевская, 54а;Обычный;0;
Околица*ул.Менделеева, д.15а;ул.Менделеева, д.15а;Обычный;3;
Экспо*Строй, Афонино, ул,Академическая, д.5, м-н Фрэш;Афонино, ул,Академическая, д.5;Обычный;1.96696;
Красная Этна Завод* ,ул.Порт-Артурская,д.1;ул.Порт-Артурская,д.1;Обычный;0;
Центр*питания, пр.Гагарина,д.37,столовая НИТЕЛ;проспект Гагарина,д.37;Обычный;0;
Продукт-Сервис*№72, пр.Гагарина, д.162а;проспект Гагарина, д.162а;Обычный;15.8769;
"Сфера*ИП Сизова, ул.Львовская, д.7, рынок м-м ""Хлеб""";ул.Львовская, д.7;Обычный;12.5833;
Сфера*ИП Сизова, Мончегорский р-ок,  №40 (ул. Маковского 17а);ул. Маковского 17а;Обычный;16;
Сфера*Ахмедов, ул.Советской армии, у д.15в, минимаркет;ул.Советской армии, д.15в;Обычный;3.75;
Сфера*ИП Мамедов И.М., пл.Комсомольская, д.6, киоск №123;пл.Комсомольская, д.6;Обычный;15.1917;
"Сфера*ИП Борина О.В., ул.Краснодонцев, д.13, киоск ""Хлеб""";ул.Краснодонцев, д.13;Обычный;4.53036;
"Сфера*ИП Культяпова В.А., ул.Строкина, у д.16, киоск ""Хлеб""";ул.Строкина, д.16;Обычный;3.25;
"Универсам ""Нагорный""";Советская пл., 3;Обычный;77.994;
Детский*сад №42, ул.Верхне-Печерская, д.3а;ул.Верхне-Печерская, д.3а;Обычный;0;
Детский*сад №29. ул.Б.Печерская, 37а;ул.Б.Печерская, 37а;Обычный;0;
"Дионис*ул.Горького, д.80/1, ресторан ""Кабанчик""";ул.Горького, д.80/1;Обычный;-1.11759e-008;
Продсервис*п.Сухобезводное, ул.Красноармейская, у д.4;ул.Красноармейская, у д.4;Обычный;5.45;
Полярная*Евро-март, ул.Полярная, д.65а;ул.Полярная, д.65а;Обычный;3;
Школа*№54 (дошкольная група), ул.Ванеева, д.104/3;ул.Ванеева, д.104/3;Обычный;0;
Детский*сад №46, ул.К.Маркса, д.48а;ул.К.Маркса, д.48а;Обычный;0;
Сфера*ИП Точилина, д.Вязовка, минимаркет;д.Вязовка;Обычный;3.41667;
Росмаг*ул.Минина, д.27;ул.Минина, д.27;Обычный;9.60417;
Садекова*ул.Заводская, д.17;ул.Заводская, д.17;Обычный;11.3125;
Тридевятое*царство, ул.Рыбинская, д.32;ул.Рыбинская, д.32;Обычный;0;
Русь*торг,Борский р-он, п.Сормовский Пролетарий, ул.Садовая, д.5;ул.Садовая, д.5;Обычный;3.20238;
"Рай*Цен, г.Кстово, ул.Зеленая, д.24, ТЦ ""Восторг""";г.Кстово, ул.Зеленая, д.24;Обычный;5;
Бурденева*п.Буревестник, ул.Новая, у д.72;ул.Новая, у д.72;Обычный;4.97917;
2425 Пятерочка*ул.Ульянова, д.7;ул.Ульянова, д.7;Обычный;18.2982;
Газпром*ресторан, ул.Звездинка, д.11;ул.Звездинка, д.11;Обычный;0;
Газпром*буфет №33, ул.Салганская, д.34;ул.Салганская, д.34;Обычный;0;
Линда*п.Кантаурово, ул.Совхозная, д.13;ул.Совхозная, д.13;Обычный;8.90476;
"Мкртчян*ул.Кузнечихинская, д.100а, м-м ""Орхидея""";ул.Кузнечихинская, д.100а;Обычный;0;
Линда*п.Железнодорожный, ул.Новостройка, д.9;ул.Новостройка, д.9;Обычный;3;
"Первая*Булочная, SPAR №45 ""Первая булочная""";"Первая*Булочная, SPAR №45 ""Первая булочная""";Обычный;121.678;?????
Чупров*ул.Б.Покровская, д.25;ул.Б.Покровская, д.25;Обычный;3.23413;
2823 Пятерочка*г.Богородск, ул.Ленина, д.101;г.Богородск, ул.Ленина, д.101;Обычный;7.39226;
Детский*сад №205, ул.Пятигорская, д.18в;ул.Пятигорская, д.18в;Обычный;0;
Кантаурово*д.Линда, Пустынь;Кантаурово*д.Линда, Пустынь;Обычный;0;?????
Кантаурово*д.Каликино, ул.Октябрьская, д.18;ул.Октябрьская, д.18;Обычный;16.3333;
Кантаурово*д.Каликино, ул.Центральная, д.107а;ул.Центральная, д.107а;Обычный;11.7738;
Кантаурово*д.Шубино, ул.Центральная, д.31а;ул.Центральная, д.31а;Обычный;2.77976;
Кантаурово*д.Красная Слобода, ул.Центральная, д.24а;ул.Центральная, д.24а;Обычный;4.75;
Сфера*ООО Виталич, ул.Керченская, д.18;ул.Керченская, д.18;Обычный;0;
Сфера*ООО Виталич, ул.Деловая, д.13;ул.Деловая, д.13;Обычный;0;
Сфера*ООО Виталич, ул.Алексеевская, д.26;ул.Алексеевская, д.26;Обычный;0;
"Сфера*ИП Ротанова Е.Н., ул.Володарского, д.40, ""Виталич""";ул.Володарского, д.40;Обычный;0;
Сфера*ИП Масленников, ул.Фруктовая, около д.3, Хлеб;ул.Фруктовая,  д.3;Обычный;26.1488;
Сфера*ИП Масленников, ул.Рокосовского, около д.2;ул.Рокосовского, д.2;Обычный;33.6964;
Атак* №587 ул.Прыгунова, д.14;ул.Прыгунова, д.14;Обычный;8.32143;
Атак* №586 ул.Бекетова, д.73а;ул.Бекетова, д.73а;Обычный;21.1464;
Атак* №585 ул.Ошарская, д.67;ул.Ошарская, д.67;Обычный;15.3631;
"Сфера*ООО ""Виталич"", ул.Костина, д.6";ул.Костина, д.6;Обычный;0;
1073 Пятерочка*ул.Космонавта Комарова, д.18;ул.Космонавта Комарова, д.18;Обычный;7.11012;
Детский*сад №51, ул.Тонкинская, д.2а;ул.Тонкинская, д.2а;Обычный;0;
2894 Пятерочка*ул.Совнаркомовская, д.32;ул.Совнаркомовская, д.32;Обычный;10.2387;
Статус*SPAR №135 , ул.Ильинская, д.132/26;ул.Ильинская, д.132/26;Обычный;56.5898;
Надежда*SPAR №117, Богородский р-он, ДПК Приозерный, д.216-б;Надежда*SPAR №117, Богородский р-он, ДПК Приозерный, д.216-б;Обычный;5.48175;?????
Корнилова*ул.Совнаркомовская, д.26;ул.Совнаркомовская, д.26;Обычный;4;
"Миллениум*ул.Генкиной, д.102, м-н ""Луна""";ул.Генкиной, д.102;Обычный;15.2865;
Каретникова*с.Кантаурово, ул.Луговая, д.1а;ул.Луговая, д.1а;Обычный;5.14375;
"Киселева*пр.Гагарина, д.84, м-н ""Ривас""";пр.Гагарина, д.84;Обычный;7.66667;
Красильникова*ул.Адмирала Макарова, д.6;ул.Адмирала Макарова, д.6;Обычный;4;
"Катаева*ул.В.Печерская, у д.№5, м-м ""Хлеб""";ул.В.Печерская, д.№5;Обычный;33.3667;
Николаева*ул.Агрономическая, д.132/35;ул.Агрономическая, д.132/35;Обычный;7.53333;
Алексеев*ул.Б.Панина, у д.№9;ул.Б.Панина, д.№9;Обычный;1.25;
"Купец*пр.Гагарина, д.66, м-н ""Продукты""";пр.Гагарина, д.66;Обычный;8.55119;
Садекова*ул.Адмирала Макарова, д.14;ул.Адмирала Макарова, д.14;Обычный;28.2625;
Морозова*п.Черепичный, конечная остановка;Морозова*п.Черепичный, конечная остановка;Обычный;1.625;?????
Мидия*пр.Гагарина, д.3;пр.Гагарина, д.3;Обычный;6.52976;
Мидия*ул.Бекетова, д.43;ул.Бекетова, д.43;Обычный;9.79762;
Нугаева*ул.Чугунова, д.13б;ул.Чугунова, д.13б;Обычный;7.29762;
Габриелян*ул.Комсомольская площадь, д.6/1;ул.Комсомольская площадь, д.6;Обычный;25.5;
Исток*ул.40 лет Октября, д.18;ул.40 лет Октября, д.18;Обычный;11.0833;
Габриелян*ул.Литвинова, д.74б, на территории базы;ул.Литвинова, д.74б;Обычный;2.47917;
Марченко*ул.Даргомыжского, д.13а, ВП-1;ул.Даргомыжского, д.13а;Обычный;5;
"Новицкий*ул.Нартова, д.2, м-м ""Сорприз""";ул.Нартова, д.2;Обычный;2.6756;
Ирина*ул.Должанская, д.2в;ул.Должанская, д.2в;Обычный;0.875;
Продукт-Сервис*№75, ул.Коминтерна, д.166;ул.Коминтерна, д.166;Обычный;17.7599;
Стандарт*Магазин№155,ТД Индиго, Казанское шоссе, д.11;Казанское шоссе, д.11;Обычный;85.0833;
Дарина*Опт, п.Железнодорожный, ул.Центральная, д.15;ул.Центральная, д.15;Обычный;22.4;
"Красильников*кафе ""Три Толстяка"", ул.Ошарская, д.67,";ул.Ошарская, д.67,;Обычный;0;
Виноградова*ул.Тропинина, д.51, минимаркет;ул.Тропинина, д.51;Обычный;0.916667;
"Ганбаров*п.Линда, ул.Школьная, д.25, м-н ""Восток""";ул.Школьная, д.25;Обычный;7.40476;
"Ганбаров*п.Линда, ул.Школьная, д.8, м-н ""Стрелец""";ул.Школьная, д.8;Обычный;4.40119;
"Заря-СТ*ул.Богородского ,д.5/5, м-н ""Заря-СТ""";ул.Богородского ,д.5/5;Обычный;1.7;
"Иванова*п.Селекция, ул.Центральная, м-н ""Мясная лавка""";ул.Центральная;Обычный;1.875;?????
Народный*школа №97, ул.Июльских дней, д.10, корп.1;ул.Июльских дней, д.10, корп.1;Обычный;0;
"Сфера*ООО ""Электрон"", пр.Гагарина, д.108, м-н ""Электрон""";пр.Гагарина, д.108;Обычный;4;
Согомонян*ул.Кузнечихинская, у д.№80а;ул.Кузнечихинская, д.№80а;Обычный;0;
"Юнит*ул.Акимова, д.19, м-н ""Продукты""";ул.Акимова, д.19;Обычный;0;
АШАН* Московское ш., д.12; Московское шоссе, д.12;Евро;11.5155;
Продукт-Сервис*№80, ул.Янки Купала, д.30а;ул.Янки Купала, д.30а;Обычный;24.7808;
Лагзян*пр.Гагарина, у д.№82 Вкусняшка;пр.Гагарина, д.№82;Обычный;4.2381;
Мерканто*плюс, SPAR №159, г.Бор, р.п.Неклюдово, д.1, к.2;г.Бор, р.п.Неклюдово, д.1, к.2;Обычный;8.79315;
Клячева*г.Семенов, ул.Краюшкина, д.2/1;г.Семенов, ул.Краюшкина, д.2/1;Обычный;35.3931;
"Быстрова*ул.Прокатная, д.22, м-н ""Продукты""";ул.Прокатная, д.22;Обычный;2.5;
"Петров*и Ко, ул. Ильинская, д.81, м-н ""Кириловский1""";ул. Ильинская, д.81;Обычный;24.1232;
"Петров*и Ко, ул. Ковалихинская, д.30, м-н ""Кириловский 2""";ул. Ковалихинская, д.30;Обычный;7.03284;
Детский*сад №268, ул.Чукотская, д.8;ул.Чукотская, д.8;Обычный;0;
Мерканто*плюс, SPAR №136, пр.Ленина, д.45а;пр.Ленина, д.45а;Обычный;33.6815;
"Сфера*Престиж, д.Афонино, ул.Магистральная, д.308, м-н  ""Ветеран""";ул.Магистральная, д.308;Обычный;3;
Сфера*Престиж, д.Никульское, ул.Зеленая;ул.Зеленая;Обычный;4.7381;?????
Сфера*Престиж, д.Утечино;Сфера*Престиж, д.Утечино;Обычный;0;?????
Сфера*Престиж, д.Кузьминки;Сфера*Престиж, д.Кузьминки;Обычный;4.94643;?????
Сфера*Престиж, ул.Военных комиссаров, д.1;ул.Военных комиссаров, д.1;Обычный;8.38393;
Сфера*Престиж, г.Семенов, ул.Ленина, д.4, маг.Самообслуживания;ул.Ленина, д.4;Обычный;7.4881;
"Сфера*Мамедов, ул.Рокоссовского, д.9, м-м ""Продукты""";ул.Рокоссовского, д.9;Обычный;10.0357;
АШАН* ул.Родионова, д.187 В;ул.Родионова, д.187 В;Евро;31.6667;
"Сфера*Престиж, г.Богородск, Городской рынок, килск ""Хлебушка""";г.Богородск, Городской рынок;Обычный;5.8625;?????
